,,,,,,,,,,,,,,,,,,,,,,,,,,,,
,,,,,,,,,,,,,,,,,,,,,,,,,,,,
,,,,,,,,,,,,,,,,,,,,,,,,,,,,
,,,,,,,,,,,,,,,,,,,,,,,,,,,,
PROJECT:EPC WORKS of the Sulfur Granulator Plant For ADNOC GAS RSHT-2(RSGP),,,,,,,,,,,,,,,,,,,,,,,,,,CODE:24108-25100-,,
SUBCONTRACT:CIVIL AND BLDG WORKS PACKAGE II,,,,,,,,,,,,,,,,,,,,,,,,,,REV.B DATE:2025/12/2,,
Item,Category,Description,Unit,"Qty.
",QUANTITIES BY WBS,,,,,,,,,"MANHOURS
A",,"LABOR COST
B",,"MATERIAL COST
C",,"TOOLS& CONSUMABLE
COST D",,"EQUIPMENT COST
E",,"DIRECT COST TOTAL
F",,Remarks,,
,,,,,"UNIT 10 
General
","UNIT 10 Operation
Building",UNIT 10 Substation,"UNIT 10
 LCR","UNIT 10 
Operator Shelter",UNIT 20,UNIT 30,UNIT 40 General,"UNIT 40 
SSB",U/Rate,Amout,U/Rate,Amout,U/Rate,Amout,U/Rate,Amout,U/Rate,Amout,U/Rate,Amout,,,
,,,,Q,,,,,,,,,,a,=Q*a,b,=Q*b,c,=Q*c,d,=Q*d,e,=Q*e,f=b+c+d+e,=Q*f,,,
NO.1,,Piling,,,,,,,,,,,,,,,,,,,,,,,,,,
1.1,Pile Cuting and Treatment,"Pile Cuting and treatment for Pile fourndation as per AGES-SP-01-001/008, Φ600mm",ea,0,,,,,,,,,,,0,,0,,0,,0,,0,,0,,,
1.1,Pile Cuting and Treatment,"Pile Cuting and treatment for Pile fourndation as per AGES-SP-01-001/008, Φ800mm",ea,0,,,,,,,,,,,0,,0,,0,,0,,0,,0,,,
NO.2,,Demolition and Modification,,,,,,,,,,,,,,,,,,,,,,,,,,
2.1,Demolition and Modification,"Demolition of reinforced concrete for foundations, slabs, footings, channels, culberts, well points, manholes and/or equipment supports",M3,0,,,,,,,,,,,0,,0,,0,,0,,0,,0,,,
2.2,Demolition and Modification,Demolition and/or Disassembly of existing Catch Basins or Manholes,EA,0,,,,,,,,,,,0,,0,,0,,0,,0,,0,,,
2.3,Demolition and Modification,Demolition of pile (L=1.5m),EA,0,,,,,,,,,,,0,,0,,0,,0,,0,,0,,,
2.4,Demolition and Modification,"Demolition and/or Disassembly of Existing Buildings, incluided demolition of foundations and all underground installaltion inside of its battery limits",M3,0,,,,,,,,,,,0,,0,,0,,0,,0,,0,,,
2.5,Demolition and Modification,"Openings execution, by chipping hammer or pneumatic hammer means, any size, properly finished.",M3,0,,,,,,,,,,,0,,0,,0,,0,,0,,0,,,
2.6,Demolition and Modification,"Openings execution, by drilling machine means, any depth, properly finished.",ea,0,,,,,,,,,,,0,,0,,0,,0,,0,,0,,,
2.7,Demolition and Modification,Demolition and/or Disassembly of elements of Heavy Steel Structures (above 90 kg/m),T,0,,,,,,,,,,,0,,0,,0,,0,,0,,0,,,
2.8,Demolition and Modification,"Demolition and/or Disassembly of elements of Steel Structures (above 25 kg/m, up to 90 Kg/m)",T,0,,,,,,,,,,,0,,0,,0,,0,,0,,0,,,
2.9,Demolition and Modification,Demolition and/or Disassembly of elements of Light Steel Structures (up to 25 kg/m),T,0,,,,,,,,,,,0,,0,,0,,0,,0,,0,,,
2.1,Demolition and Modification,"Demolition and/or Disassembly of  Ancillary Steel Structures elements, such as Gratings, Chequered Plates, Handrails, Ladders…",T,0,,,,,,,,,,,0,,0,,0,,0,,0,,0,,,
2.11,Modification & Protection,"Existing Trench 1m wide
Construction to take additional meatures to protect the existing trench and restored to original conditions as needed if damaged.",M,20,10,,,,,10,,,,28.8553240740741,577.106481481482,31.16375,623.275,32.5161111111111,650.322222222222,2.60128888888889,52.0257777777778,40.232,804.64,106.509583333333,2130.19166666667,,,
2.12,Modification & Revamp,Cable Trench 1m wide,M,0,,,,,,,,,,,0,,0,,0,,0,,0,,0,,,
2.13,Modification & Revamp,Existing Cable Trench (3m wide) at proposed road access way shall be replaced to culvert for cable crossings during EPC phase.,M,0,,,,,,,,,,,0,,0,,0,,0,,0,,0,,,
2.14,Modification & Revamp,Hilti Post M20 Anchor or Equal for Existing Foundation and Misc. Support Modification,EA,0,,,,,,,,,,,0,,0,,0,,0,,0,,0,,,
NO.3,,Earth Work,,,,,,,,,,,,,,,,,,,,,,,,,,
3.1,Earth Work,"EXCAVATION BY EQUIPMENT up to 2m(Slope or Shoring is included in the sub contractor's scope,Subgrade is also included,Minor rock breaking works are also included.)",M3,25850.6,5764,,,,,6736.6,13350,,,1.82791666666667,47252.7425833334,1.97415,51032.96199,7.08726,183209.923356,1.72705925925926,44645.5180874074,19.7201,509776.41706,30.5085692592593,788664.820493408,,,
3.2,Earth Work,"EXCAVATION BY EQUIPMENT 2m to 4m(Slope or Shoring is included in the sub contractor's scope,Subgrade is also included,Minor rock breaking works are also included.)",M3,500,,,,,,,500,,,2.77407407407407,1387.03703703704,2.996,1498,22.9901388888889,11495.0694444444,1.83921111111111,919.605555555556,33.5338,16766.9,61.3615277777778,30680.7638888889,,,
3.3,Earth Work,"EXCAVATION BY EQUIPMENT more than 4m(Slope or Shoring is included in the sub contractor's scope,Subgrade is also included,Minor rock breaking works are also included.)",M3,300,100,,,,,100,100,,,2.77407407407407,832.222222222222,2.996,898.8,22.9901388888889,6897.04166666667,1.83921111111111,551.763333333333,33.5338,10060.14,61.3615277777778,18408.4583333333,,,
3.4,Earth Work,"EXCAVATION BY HAND(Slope or Shoring is included in the sub contractor's scope,Subgrade is also included,Minor rock breaking works are also included.)",M3,6004.4,1441,,,,,1227.4,3336,,,282.48,1696122.912,305.0784,1831812.74496,,0,,0,,0,305.078796296296,1831815.12448148,,,
3.5,Earth Work,"EXCAVATION BY EQUIPMENT up to 2m
(WITHOUT SHORING AS NEEDED)",M3,0,,,,,,,,,,,0,,0,,0,,0,,0,,0,,,
3.6,Earth Work,"Shoring by Sheet Plies, 6m",M2,1,,,,,,,,,,283.069490740741,283.069490740741,305.71505,305.71505,410.453981481481,410.453981481481,32.8363185185185,32.8363185185185,11.12265,11.12265,760.121064814815,760.121064814815,,,
3.7,Earth Work,"Extension use for over one month of Sheet Plies, 6m",M2·day,1,,,,,,,,,,9.43680555555556,9.43680555555556,10.19175,10.19175,13.6821296296296,13.6821296296296,1.09457037037037,1.09457037037037,0.36915,0.36915,25.3381944444444,25.3381944444444,,,
3.8,Earth Work,"Shoring by Sheet Plies, 12m",M2,1,,,,,,,,,,324.244675925926,324.244675925926,350.18425,350.18425,470.156018518519,470.156018518519,37.6124814814815,37.6124814814815,12.73835,12.73835,870.687731481481,870.687731481481,,,
3.9,Earth Work,"Extension use for over one month of Sheet Plies, 12m",M2·day,1,,,,,,,,,,10.8089814814815,10.8089814814815,11.6737,11.6737,15.6735185185185,15.6735185185185,1.25388148148148,1.25388148148148,0.42265,0.42265,29.02375,29.02375,,,
3.1,Earth Work,Dewatering-Main Pipe,M,1,,,,,,,,,,37.2568055555556,37.2568055555556,40.23735,40.23735,50.4187962962963,50.4187962962963,4.0335037037037,4.0335037037037,0.0214,0.0214,94.7148148148148,94.7148148148148,,,
3.11,Earth Work,Dewatering-Pump (1Shift=24hours),Shift,1,,,,,,,,,,4.9537037037037,4.9537037037037,5.35,5.35,34.1458796296296,34.1458796296296,2.73167037037037,2.73167037037037,110.8199,110.8199,153.04962962963,153.04962962963,,,
3.12,Earth Work,Unclassified Excavation of Sludge ,M3,1,,,,,,,,,,4.12148148148148,4.12148148148148,4.4512,4.4512,28.9989814814815,28.9989814814815,2.31991851851852,2.31991851851852,27.47225,27.47225,63.2488888888889,63.2488888888889,,,
3.13,Earth Work,Unclassified Excavation of Quicksand,M3,1,,,,,,,,,,4.12148148148148,4.12148148148148,4.4512,4.4512,28.9989814814815,28.9989814814815,2.31991851851852,2.31991851851852,27.47225,27.47225,63.2488888888889,63.2488888888889,,,
3.14,Earth Work,Unclassified Excavation of Rock,M3,1,,,,,,,,,,360.327453703704,360.327453703704,389.15365,389.15365,31.9414814814815,31.9414814814815,2.55531851851852,2.55531851851852,24.28365,24.28365,447.933703703704,447.933703703704,,,
3.15,Earth Work,"EXCAVATION BY EQUIPMENT 2m to 4m
(WITHOUT SHORING AS NEEDED)",M3,0,,,,,,,,,,,0,,0,,0,,0,,0,,0,,,
3.16,Earth Work,"BACKFILL - GENERAL BACKFILL 
As per AGES-SP-01-005(Including all testing and corresponding construction works.)",M3,10518,1108,,,,,4590,4820,,,12.488287037037,131351.803055556,13.48735,141859.9473,42.93375,451577.1825,3.4347,36126.1746,3.21535,33819.0513,63.0705555555556,663376.103333333,,,
3.17,Earth Work,"BACKFILL - STRUCTURAL BACKFILL 
As per AGES-SP-01-005(Including all testing and corresponding construction works.)",M3,40200,4432,,,,,16491,19277,,,12.488287037037,502029.138888887,13.48735,542191.47,110.502268518519,4442191.19444446,8.84018148148148,355375.295555555,3.21535,129257.07,136.048518518519,5469150.44444446,,,
3.18,Earth Work,"Mass fill  with EXCAVATION soil As per AGES-SP-01-005
 Qty refer to Planplot",M3,0,,,,,,,,,,,0,,0,,0,,0,,0,,0,,,
3.19,Earth Work,BACKFILL - CLEAN SAND,M3,1172.494,200,,,,,972.494,,,,9.98666666666667,11709.3067466667,10.7856,12646.0512864,88.993287037037,104344.095091204,7.11946296296296,8347.5276072963,0.81855,959.7449637,107.713333333333,126293.237053333,,,
3.2,Earth Work,BACKFILL - CRUSHED STONE,M3,4071,,,,,,4071,,,,10.3780092592593,42248.8756944446,11.20825,45628.78575,229.500138888889,934295.065416667,18.3600111111111,74743.6052333333,24.4709,99621.0339,283.540092592593,1154291.71694445,,,
3.21,Earth Work,DISPOSAL OF SOIL (OUTSIDE OF CICPA),M3,0,,,,,,,,,,,0,,0,,0,,0,,0,,0,,,
3.22,Earth Work,DISPOSAL OF SOIL(POLLUTED SOIL),M3,,,,,,,,,,,,0,,0,,0,,0,,0,,0,,,
3.23,Earth Work,50MM THK ANTI CORROSIVE LAYER CONSISTING OF COARSE SAND MIXED WITH ASPHALT.,M3,,,,,,,,,,,,0,,0,,0,,0,,0,,0,,,
NO.4,,Foundation and Concrete Structure,,,,,,,,,,,,,,,,,,,,,,,,,,
4.1,Concrete,"CONCRETE - PLAIN AND LEAN CONC (fc'=20N/mm²) 
refer to AGES-SP-01-001;AGES-STD-01-101",M3,880,45,,,,,396,439,,,198.148148148148,174370.37037037,214,188320,444.862407407407,391478.918518518,35.5889925925926,31318.3134814815,0,0,694.449814814815,611115.837037037,,,
4.2,Concrete,"CONCRETE - DUCT BANK(fc'=20N/mm²)  
COLOUR (RED OXIDE FOR UNDERGROUND ELECTRICAL AND GREEN OXIDE FOR UNDERGROUND INSTRUMENTCABLES) IN DUCT BANKS, TRENCH COVERS, SLABS AND PAVING ABOVE UNDERGROUND CABLES SHALL BE INACCORDANCE WITH BS EN 12878 OR ASTM C 979 / C979.
refer to AGES-SP-01-001;AGES-STD-01-101",M3,400,100,,,,,150,150,,,117.397824074074,46959.1296296296,126.78965,50715.86,2510.46273148148,1004185.09259259,200.837018518519,80334.8074074076,0,0,2838.09078703704,1135236.31481482,,,
4.3,Concrete,"CONCRETE - EQUIPMENT FOUNDATION (fc'=40N/mm²) 
refer to AGES-SP-01-001;AGES-STD-01-101",M3,1076,453,,,,,307,316,,,250.077824074074,269083.738703704,270.08405,290610.4378,571.424583333333,614852.851666666,45.7139666666667,49188.2281333334,0.13375,143.915,887.351990740741,954790.742037037,,,
4.4,Concrete,"CONCRETE - MAT FOUNDATION (fc'=40N/mm²) 
refer to AGES-SP-01-001;AGES-STD-01-101",M3,4148,4,,,,,,4144,,,385.492268518519,1599021.92981482,416.33165,1726943.6842,749.718287037037,3109831.45462963,59.977462962963,248786.516370371,0.08025,332.877,1226.10606481481,5085887.95685183,,,
4.5,Concrete,"CONCRETE - ISOLATED FOUNDATION (fc'=40N/mm²) 
refer to AGES-SP-01-001;AGES-STD-01-101",M3,4068,1062,,,,,2313,693,,,385.492268518519,1568182.54833334,416.33165,1693637.1522,749.718287037037,3049853.99166667,59.977462962963,243988.319333333,0.08025,326.457,1226.10606481481,4987799.47166665,,,
4.6,Concrete,"CONCRETE - ELEVATION CONCRERE-BM, COL, WALL (fc'=40N/mm²) 
refer to AGES-SP-01-001;AGES-STD-01-101",M3,124,124,,,,,,,,,978.529861111111,121337.702777778,1056.81225,131044.719,915.176944444445,113481.941111111,73.2141555555555,9078.55528888888,1.78155,220.9122,2046.98925925926,253826.668148148,,,
4.7,Concrete,"CONCRETE - PAVING AND SLAB ON GRADE (fc'=30F N/mm²) 
refer to AGES-SP-01-001;AGES-STD-01-101(E.J / I.J / C.J are all included)",M3,3205,102,,,,,1850,1253,,,705.620416666667,2261513.43541667,762.07005,2442434.51025,505.317407407407,1619542.29074074,40.4253925925926,129563.383259259,0,0,1307.8124537037,4191538.91412036,,,
4.8,Concrete,"CONCRETE - BASINS AND WATER RETAINING STRUCTURES (fc'=40N/mm²)  
refer to AGES-SP-01-001;AGES-STD-01-101",M3,15,15,,,,,,,,,811.743611111111,12176.1541666667,876.6831,13150.2465,831.42962962963,12471.4444444444,66.5143703703704,997.715555555556,1.26795,19.01925,1775.89287037037,26638.3930555555,,,
4.9,SSB paving sub-base,"Asphalt Wearing Course 
refer to AGES-SP-01-001;AGES-SP-01-005",M3,0,,,,,,,,,,,0,,0,,0,,0,,0,,0,,,
4.1,SSB paving sub-base,"Bituminous Tack coat 
refer to AGES-SP-01-001; AGES-SP-01-005",M2,0,,,,,,,,,,,0,,0,,0,,0,,0,,0,,,
4.11,SSB paving sub-base,"Binder Course 
refer to AGES-SP-01-001; AGES-SP-01-005",M3,0,,,,,,,,,,,0,,0,,0,,0,,0,,0,,,
4.12,SSB paving sub-base,"Bituminous Prime coat 
refer to AGES-SP-01-001; AGES-SP-01-005",M2,0,,,,,,,,,,,0,,0,,0,,0,,0,,0,,,
4.13,SSB paving sub-base,"Base Course 
refer to AGES-SP-01-001; AGES-SP-01-005",M3,0,,,,,,,,,,,0,,0,,0,,0,,0,,0,,,
4.14,SSB paving sub-base,"Sub-Base
refer to AGES-SP-01-001; AGES-SP-01-005",M3,0,,,,,,,,,,,0,,0,,0,,0,,0,,0,,,
4.15,Concrete,"CONCRETE - PRECAST CONCRETE(FDN, COL, BM, TRENCH CONCRETE COVER,MANHOLE) (fc'=35N/mm²)",M3,0,,,,,,,,,,,0,,0,,0,,0,,0,,0,,,
4.16,Concrete,"CONCRETE - PRECAST CONCRETE(WALL PANELS, SLAB) (fc'=28N/mm²)",M3,0,,,,,,,,,,,0,,0,,0,,0,,0,,0,,,
4.17,Concrete,CONCRETE - FIREPROOFING (fc'=30N/mm²),M3,0,,,,,,,,,,,0,,0,,0,,0,,0,,0,,,
4.18000000000001,Concrete,Liquid Admixture-BASF MasterPozzolith 327 or Approved Equal (hold),L,0,,,,,,,,,,,0,,0,,0,,0,,0,,0,,,
4.19000000000001,Concrete,Liquid Admixture-BASF MasterRheobuild 945 or Approved Equal (hold),L,0,,,,,,,,,,,0,,0,,0,,0,,0,,0,,,
4.20000000000001,Concrete,CORROSION INHIBITOR-BASF Masterlife CI 30 or Approved Equal (hold),L,0,,,,,,,,,,,0,,0,,0,,0,,0,,0,,,
4.21000000000001,REBAR,"REBAR - DEFORMED REINFORCING BARS ASTM A615/A615M GRADE 60  (fy'=420N/mm²) or BS EN 10080 and BS 4449 with minimum yield strength of 500 N/mm2
REBAR - STIRRUPS AND TIES ASTM A1035
refer to AGES-SP-01-001;AGES-STD-01-101",T,1181.125,125,,,,,356.125,700,,,1147.37189814815,1355189.63320023,1239.16165,1463604.80385625,3147.31087962963,3717367.56270255,251.78487037037,297389.405016203,0,0,4638.25680555555,5478361.0694618,,,
4.22000000000001,REBAR,"REBAR - PLAIN STEEL BARS ASTM A615/A615M GRADE 40 (fy'=280N/mm²)
Fabric reinforcement (standard mesh) of Grade 500 shall comply with the requirements of BS 4483 or ASTM A185/ A185M, made with cold reduced steel wire complying with BS 4482 with a minimum yield strength of 460 N/mm2. 
refer to AGES-SP-01-001;AGES-STD-01-101",T,330,20,,,,,185,125,,,631.448611111111,208378.041666667,681.9645,225048.285,3555.92208333333,1173454.2875,284.473766666667,93876.3430000001,309.2835,102063.555,4831.64444444445,1594442.66666667,,,
4.23000000000001,REBAR,"REBAR - WELDED GALVANIZED WIRE MESH ASTM A1064 - 4.5X4.5/150X150 OR SIMILAR (6MM or 8mm DIA@150 SPACING BOTH WAYS )   
 Rebar BS 4483 A393 /A252/A142 for roads and paving  refer to AGES-SP-01-001; AGES-STD-01-022
",T,8,8,,,,,,,,,396.296296296296,3170.37037037037,428,3424,4780.08134259259,38240.6507407407,382.406507407407,3059.25205925926,66.93385,535.4708,5657.42189814815,45259.3751851852,,,
4.24000000000001,Prestressed steel Rebar,Prestressed steel Rebar  As per AGES-SP-01-001,T,0,,,,,,,,,,,0,,0,,0,,0,,0,,0,,,
4.25000000000001,GROUT-EPOXY,"EPOXY GROUTING MATERIAL -  MINIMUM COMPRESSIVE STRENGTH AT 7 DAYS OF 96MPA (AS PER ASTM C579)
refer to AGES-SP-01-004;AGES-STD-01-101",M3,0,,,,,,,,,,,0,,0,,0,,0,,0,,0,,,
4.26000000000001,GROUT-NON SHRINK CEMENTITIOUS,"NON SHRINKAGE GROUTING MATERIAL - MINIMUM COMPRESSIVE STRENGTH AT 7 DAYS OF 35MPA (AS PER ASTM C109) 
refer to AGES-SP-01-004;AGES-STD-01-101",M3,0,,,,,,,,,,,0,,0,,0,,0,,0,,0,,,
4.27000000000001,SSB suphur pilewall and column corrossion,SSB suphur pile wall corrossion as per refer to AGES-SP-01-001;AGES-STD-01-101/102,M2,0,,,,,,,,,,,0,,0,,0,,0,,0,,0,,,
4.28000000000001,Paving POLYETHYLENE SHEET,"0.25MM THK CONFIRMING TO ASTM D2103 
refer to AGES-SP-01-001;AGES-STD-01-101/102",M2,15100,100,,,,,,15000,,,1.03037037037037,15558.5925925926,1.1128,16803.28,2.02111111111111,30518.7777777778,0.161688888888889,2441.50222222222,0,0,3.29421296296296,49742.6157407407,,,
4.29000000000001,Foundation POLYETHYLENE SHEET,"0.25MM THK CONFIRMING TO ASTM D2103 
refer to AGES-SP-01-001;AGES-STD-01-101/102",M2,12238,1585,,,,,3255,7398,,,1.03037037037037,12609.6725925926,1.1128,13618.4464,2.02111111111111,24734.3577777778,0.161688888888889,1978.74862222222,0,0,3.29421296296296,40314.5782407407,,,
4.30000000000001,HIGH DENSITYPOLYETHYLENE LAMINATED BITUMEN SHEET,"1.5MM THICK SELF-ADHESIVE, HIGH DENSITYPOLYETHYLENE LAMINATED BITUMEN SHEET MEMBRANE 
refer to AGES-SP-01-001;AGES-STD-01-101/102",M2,40679,5255,,,,,12396,23028,,,9.39222222222222,382066.207777778,10.1436,412631.5044,30.1977777777778,1228415.40222222,2.41582222222222,98273.2321777777,0,0,42.7603703703704,1739449.1062963,,,
4.31000000000001,30mm LAYER OF SCREED,"30mm LAYER OF SCREED (CAN BE REPLACED WITH 5mm THICK HARD
POLYPROPYLENE BASED PROTECTION BOARD OR SIMILAR APPROVED,
SUBJECT TO COMPANY APPROVAL)",M2,11501,1485,,,,,2883,7133,,,19.1014814814815,219686.138518519,20.6296,237261.0296,17.4023611111111,200144.555138889,1.39218888888889,16011.5644111111,3.38655,38948.71155,42.8148611111111,492413.717638889,,,
4.32000000000001,MEMBRANE PROTECTION BOARD,"MEMBRANE PROTECTION BOARD (3.5mm THICK BITUMEN IMPREGNATEDFIBREBOARD OR 12mm THICK BITUMEN IMPREGNATED SOFT 
refer to AGES-SP-01-001;AGES-STD-01-101/102",M2,28435,3670,,,,,9134,15631,,,15.965787037037,453987.154398147,17.24305,490306.12675,69.0447222222222,1963286.67638889,5.52357777777778,157062.934111111,0,0,91.8119444444444,2610672.64027778,,,
4.33000000000002,ABOVE GROUND CONCRETE SURFACE PROTECTION (Foundation),"PRIMER: A PENETRATING SILANE SILOXANE
HYDROPHOBIC PRIMER APPLIED AS A FLOOD COAT AT A
RATE OF 0.4 LITRES/M2;
TWO COATS OF AN ACRYLIC POLYMER COATING
SYSTEM OF 150 MICRONS (DFT) EACH TOTAL DFT 300 MICRONS
refer to AGES-SP-01-001;AGES-STD-01-101/102",M2,5749,931,,,,,2799,2019,,,26.7351388888889,153700.313472222,28.87395,165996.33855,71.7890740740741,412715.386851852,5.74312592592593,33017.2309481482,0,0,106.405555555556,611725.538888891,,,
4.34000000000002,REFRACTORY CASTABLE WITH SS ANCHORS( Sulphur pits),100 mm thick refractory castable with SS anchors.   ( (Materical Discirble refer to AGES-SP-01-001 ),M2,105,75,,,,,30,,,,22.8068518518519,2394.71944444445,24.6314,2586.297,204.800972222222,21504.1020833333,16.3840777777778,1720.32816666667,0,0,245.817638888889,25810.8520833333,,,
4.35000000000002,STAINLESS STEEL  WITH INSULATION( Sulphur pits),"3mm thick stainless steel lining throughout, with75mm insulation    (Materical Discirble refer to AGES-SP-01-001)",M2,63,39,,,,,24,,,,22.8068518518519,1436.83166666667,24.6314,1551.7782,204.800972222222,12902.46125,16.3840777777778,1032.1969,0,0,245.817638888889,15486.51125,,,
4.36000000000002,ISOLATION JOINT FILLER,"FLEXCELL OR EQUIVALENT FIBRE BOARD JOINT FILLER
1) 10 THK FOR STRUC/STATIC EQUIPMENT
2) 25 THK FR HEAVY VIBRATIING EQUIPMENT
Including  SSB dike wall EJ, Tank Dike wall EJ and old/new connection ect. 
 Refer to AGES-SP-01-001;AGES-STD-01-101/AGES-STD-01-109",M,100,50,,,,,,50,,,11.0764814814815,1107.64814814815,11.9626,1196.26,426.132453703704,42613.2453703704,34.0905962962963,3409.05962962963,0.214,21.4,472.405,47240.5,,,
4.37000000000002,BUILDING JOINT FILLER,JIONT DESCRIBLE Refer to AGES-STD-01-109/AGES-STD-01-302,M,50,50,,,,,,,,,11.0764814814815,553.824074074075,11.9626,598.13,426.137407407407,21306.8703703704,34.0909925925926,1704.54962962963,0.21935,10.9675,472.409953703704,23620.4976851852,,,
4.38000000000002,PVC WATER STOP,"10mm minimum thickness in accordance with BS 2571 and ASTM D412-75 and ASTM D638 for PVC 
Minimum width of water stop shall be 230mm for concrete section greater than 200mm wide and150mm for concrete section less than 200mm .
refer to AGES-SP-01-001;AGES-STD-01-101",M,802,,,,,,802,,,,18.9925,15231.985,20.5119,16450.5438,20.2953240740741,16276.8499074074,1.62362592592593,1302.1479925926,0,0,42.4334259259259,34031.6075925926,,,
4.39000000000002,HDPE SHEET,"2mm THK (inculding HDPE LINER inserts ect.）
Refer to AGES-STD-01-015 and AGES-SP-01-001",M2,7237,7150,,,,,87,,,,1.03037037037037,7456.79037037037,1.1128,8053.3336,77.6839814814815,562198.973981482,6.21471851851852,44975.9179185185,0,0,85.0055555555556,615185.205555556,,,
4.4,HDPED RAIN PIPE,DIA FLEXIBLE HDPED RAIN PIPE (hold),,0,,,,,,,,,,0,0,0,0,0,0,0,0,0,0,0,0,,,
4.40999999999998,FOAMGLAS INSULATION,Detail refer to AGES-SP-01-001;AGES-STD-01-015 FOAMGLAS INSULATION 225MM FOR TANK BASE,M2,15,,,,,,15,,,,21.8606944444444,327.910416666666,23.60955,354.14325,127.121944444444,1906.82916666666,10.1697555555556,152.546333333334,0,0,160.90125,2413.51875,,,
4.41999999999996,"ANCHOR BOLT 
SUPPLY BY WISON,INSPECTION AND INSTALLATAION BY SUBCONTRACTOR","TYPE A Steel ASTM F1554 Grade 36 or Approved Equal
HOT DIP GALVANIZED AS PER ASTM A123/A123 
refer to AGES-SP-01-004;AGES-STD-01-111",T,29,8,,,,,,21,,,2080.55555555556,60336.1111111112,2247,65163,1539.35847222222,44641.3956944444,123.148677777778,3571.31165555556,1908.70345,55352.40005,5818.20921296296,168728.067175926,,,
4.42999999999994,"ANCHOR BOLT 
SUPPLY BY WISON,INSPECTION AND INSTALLATAION BY SUBCONTRACTOR","TYPE A Steel ASTM F1554 Grade 36 (WITH SLEEVE) or Approved Equal
HOT DIP GALVANIZED AS PER ASTM A123/A123M 
refer to AGES-SP-01-004;AGES-STD-01-111",T,0,,,,,,,,,,2080.55555555556,0,2247,0,1539.36342592593,0,123.149074074074,0,1908.7088,0,5818.21416666667,0,,,
4.44,"ANCHOR BOLT 
SUPPLY BY WISON,INSPECTION AND INSTALLATAION BY SUBCONTRACTOR","Steel ASTM A320-A320M Grade L7 or Approved Equal  for low temperature and cold service
HOT DIP GALVANIZED AS PER ASTM A123/A123M 
refer to AGES-SP-01-004;AGES-STD-01-111",T,1,,,,,,,,,,2080.55555555556,2080.55555555556,2247,2247,1539.35847222222,1539.35847222222,123.148677777778,123.148677777778,1908.70345,1908.70345,5818.20921296296,5818.20921296296,RATE ONLY,,
4.45,"ANCHOR BOLT 
SUPPLY BY WISON,INSPECTION AND INSTALLATAION BY SUBCONTRACTOR","ASTM F1554 Grade 105 or Approved Equal for high strength and normal service
HOT DIP GALVANIZED AS PER ASTM A123/A123M 
refer to AGES-SP-01-004;AGES-STD-01-111",T,1,,,,,,,,,,2080.55555555556,2080.55555555556,2247,2247,1539.35847222222,1539.35847222222,123.148677777778,123.148677777778,1908.70345,1908.70345,5818.20921296296,5818.20921296296,RATE ONLY,,
4.46,EXPANSION BOLTS,EXPANSION BOLTS,T,0.2,0.1,,,,,,0.1,,,2080.55555555556,416.111111111112,2247,449.4,16549.0856481481,3309.81712962962,1323.92685185185,264.78537037037,1908.70345,381.74069,22028.709212963,4405.7418425926,,,
4.47,EMBEDDED PLATE,"EMBEDDED PLATES / INSERT PLATES/ANGLE STEEL ETC.
HOT DIP GALVANIZED AS PER ASTM A123/A123M referto",T,2,0.5,,,,,0.5,1,,,2080.55555555556,4161.11111111112,2247,4494,14172.3927314815,28344.785462963,1133.79141851852,2267.58283703704,1922.683,3845.366,19475.8675462963,38951.7350925926,,,
NO.5,,Others,,,,,,,,,,,,,,,,,,,,,,,,,,
5.1,UPVC Conduit With Removable type CAP,"D200,D150 ,D100, D75,D25,D50mm to Similar 
 refer to AGES-SP-01-001",M,57,,,,,,57,,,,7.36615740740741,419.870972222222,7.95545,453.46065,32.4764814814815,1851.15944444445,2.59811851851852,148.092755555556,0.40125,22.87125,43.4340740740741,2475.74222222222,,,
5.2,PVC Conduit With Removable type CAP,"D200,D150 ,D100, D75,D25,D50mm to Similar 
 refer to AGES-SP-01-001",M,57,,,,,,57,,,,7.36615740740741,419.870972222222,7.95545,453.46065,32.4764814814815,1851.15944444445,2.59811851851852,148.092755555556,0.40125,22.87125,43.4340740740741,2475.74222222222,,,
5.3,PIPE SLEEVING,Galvanize PIPE SLEEVING,M,6,5,,,,,1,,,,14.4796759259259,86.8780555555554,15.63805,93.8283,78.7837037037037,472.702222222222,6.3026962962963,37.8161777777778,42.8428,257.0568,143.568240740741,861.409444444446,,,
5.4,Duck bank Pipe Cap,"D200,D150 ,D100, D75,D25,D50mm to Similar 
 refer to AGES-SP-01-001",M,11,5,,,,,1,5,,,7.36615740740741,81.0277314814815,7.95545,87.50995,674.179259259259,7415.97185185185,53.9343407407407,593.277748148148,0.40125,4.41375,736.472083333333,8101.19291666666,,,
5.5,Cable Ditch,UG ELECTRICAL/INSTRUCTUMENT CONCRETE CABLE TRENCH,M3,20,20,,,,,,,,,117.397824074074,2347.95648148148,126.78965,2535.793,2510.46273148148,50209.2546296296,200.837018518519,4016.74037037038,0,0,2838.09078703704,56761.8157407408,,,
5.6,Cable Ditch,DRAINAGE DITCH 1.2m(W)x1.0m(D),M,0,,,,,,,,,,0,0,0,0,0,0,0,0,0,0,0,0,,,
5.7,Cable Trench,"UG ELECTRICAL CONCRETE CABLE TRENCH EXCAVATION
(to be provided by EE)",M3,0,,,,,,,,,,0,0,0,0,0,0,0,0,0,0,0,0,,,
5.8,Cable Trench,"UG ELECTRICAL/INSTRUCTUMENT  BURIED CABLE TRENCH EXCAVATION
(to be provided by EE)",M3,1000,1000,,,,,,,,,1.82791666666667,1827.91666666667,1.97415,1974.15,21.5882407407407,21588.2407407407,1.72705925925926,1727.05925925926,19.7201,19720.1,45.0143055555556,45014.3055555556,,,
5.9,Cable Trench,"UG ELECTRICAL DUCKBANK & PULL PIT EXCAVATION
(to be provided by EE)",M3,0,,,,,,,,,,0,0,0,0,0,0,0,0,0,0,0,0,,,
5.1,Cable Trench,"UG INSTRUCTUMENT CONCRETE CABLE TRENCH EXCAVATION
(to be provided by EE)",M3,0,,,,,,,,,,0,0,0,0,0,0,0,0,0,0,0,0,,,
5.11,Cable Trench,"UG INSTRUCTUMENT BURIED CABLE TRENCH EXCAVATION
(to be provided by EE)",M3,0,,,,,,,,,,0,0,0,0,0,0,0,0,0,0,0,0,,,
5.12,Cable Trench,"UG INSTRUCTUMENT DUCT BANK & PULL PIT EXCAVATION
(to be provided by EE)",M3,0,,,,,,,,,,0,0,0,0,0,0,0,0,0,0,0,0,,,
5.13,Cable Trench,"UG ELEC/INSTRUMENT BACKFILL - CLEAN SAND
(to be provided by EE)",M3,100,100,,,,,,,,,9.98666666666667,998.666666666667,10.7856,1078.56,89.0527314814815,8905.27314814815,7.12421851851852,712.421851851852,0.86135,86.135,107.822314814815,10782.2314814815,,,
5.14,Cable Trench,"SUPPLY, DELIVERY AND INSTALLATION OF BRICK COVERS FOR ELECTRICAL/INSTRUCTUMENT CABLE TRENCHES COMPLETE IN ALL RESPECTS",M2,100,100,,,,,,,,,34.859212962963,3485.9212962963,37.64795,3764.795,508.388703703704,50838.8703703704,40.6710962962963,4067.10962962963,0,0,586.706759259259,58670.6759259259,,,
5.15,Earthing Well,Earthing well in accordance with project specifications and drawings,EA,30,30,,,,,,,,,944.215555555556,28326.4666666667,1019.7528,30592.584,3893.08601851852,116792.580555556,311.446881481481,9343.40644444443,36.25695,1087.7085,5260.54106481481,157816.231944444,,,
5.16,GroudWater Monitoring Wells,15m DEEP Groundwater Monitoring Well with 4 Tubular Crash Barries (100mm Dia X 2000 mm Long Pipe SCH40 (hold),EA,2,1(hold),,,,,,1(hold),,,16958.965,33917.93,18315.6822,36631.3644,51229.1330555556,102458.266111111,4098.33064444444,8196.66128888888,822.6909,1645.3818,74465.8326388889,148931.665277778,,,
5.17,CMS and CP Installtionv (Hold),Refer to AGES-SP-07-001 and AGES-STD-01-107/108,,,,,,,,,,,,,0,,0,,0,,0,,0,,0,,,
NO.6,,"Basin, Sump, Pond etc",,,,,,,,,,,,,,,,,,,,,,,,,,
6.1,"1047-SU-0002
RETENTION POND",Refer to Plot Plan,,,,,,,,,,,,,,,,,,,,,,,,,,
6.1.1,Earth Work,"EXCAVATION BY EQUIPMENT up to 2m(Slope or Shoring is included in the sub contractor's scope,Subgrade is also included,Minor rock breaking works are also included.)",M3,4800,4800,,,,,,,,,1.82791666666667,8774,1.97415,9475.92,7.08726,34018.848,1.72705925925926,8289.88444444445,19.7201,94656.48,30.5085692592593,146441.132444444,,,
6.1.2,Earth Work,"EXCAVATION BY HAND(Slope or Shoring is included in the sub contractor's scope,Subgrade is also included,Minor rock breaking works are also included.)",M3,1200,1200,,,,,,,,,282.48,338976,305.0784,366094.08,0,0,0,0,0,0,305.078796296296,366094.555555556,,,
6.1.3,Earth Work,"BACKFILL - GENERAL BACKFILL(only structure foundation scrop, not all overall)",M3,20,20,,,,,,,,,12.488287037037,249.765740740741,13.48735,269.747,42.93375,858.675,3.4347,68.694,3.21535,64.307,63.0705555555556,1261.41111111111,,,
6.1.4,Earth Work,"BACKFILL - STRUCTURAL BACKFILL(only structure foundation scrop, not all overall)",M3,80,80,,,,,,,,,12.488287037037,999.062962962963,13.48735,1078.988,110.502268518519,8840.18148148148,8.84018148148148,707.214518518519,3.21535,257.228,136.048518518519,10883.8814814815,,,
6.1.5,Earth Work,"DISPOSAL OF SOIL 
(OUTSIDE OF CICPA)",M3,6000,6000,,,,,,,,,0.237777777777778,1426.66666666667,0.2568,1540.8,42.9864814814815,257918.888888889,6.27891851851852,37673.5111111111,1.46055,8763.3,50.98275,305896.5,,,
6.1.6,Concrete,"CONCRETE - PLAIN AND LEAN CONC (fc'=20N/mm²) 
refer to AGES-SP-01-001;AGES-STD-01-101",M3,150,150,,,,,,,,,247.685185185185,37152.7777777778,267.5,40125,444.862407407407,66729.3611111111,35.5889925925926,5338.34888888889,0,0,747.949814814815,112192.472222222,,,
6.1.7,Concrete,CONCRETE - MAT FOUNDATION (fc'=40N/mm²) refer to AGES-SP-01-001;AGES-STD-01-101,M3,400,400,,,,,,,,,385.492268518519,154196.907407407,416.33165,166532.66,749.718287037037,299887.314814815,59.977462962963,23990.9851851852,0.08025,32.1,1226.10606481481,490442.425925926,,,
6.1.8,POLYETHYLENE SHEET,"0.25MM THK CONFIRMING TO ASTM D2103 
refer to AGES-SP-01-001;AGES-STD-01-101/102",M2,2340,2340,,,,,,,,,1.03037037037037,2411.06666666667,1.1128,2603.952,2.02111111111111,4729.4,0.161688888888889,378.352,0,0,3.29421296296296,7708.45833333333,,,
6.1.9,HIGH DENSITYPOLYETHYLENE LAMINATED BITUMEN SHEET  ③,"1.5MM THICK SELF-ADHESIVE, HIGH DENSITYPOLYETHYLENE LAMINATED BITUMEN SHEET MEMBRANE 
refer to AGES-SP-01-001;AGES-STD-01-101/102",M2,2340,2340,,,,,,,,,9.39222222222222,21977.8,10.1436,23736.024,30.1977777777778,70662.8,2.41582222222222,5653.024,0,0,42.7603703703704,100059.266666667,,,
6.1.10,30mm LAYER OF SCREED  ④,"30mm LAYER OF SCREED (CAN BE REPLACED WITH 5mm THICK HARD
POLYPROPYLENE BASED PROTECTION BOARD OR SIMILAR APPROVED,
SUBJECT TO COMPANY APPROVAL)",M2,2340,2340,,,,,,,,,19.1014814814815,44697.4666666667,20.6296,48273.264,17.4023611111111,40721.525,1.39218888888889,3257.722,3.38655,7924.527,42.8148611111111,100186.775,,,
6.1.11,MEMBRANE PROTECTION BOARD  ⑤,"MEMBRANE PROTECTION BOARD (3.5mm THICK BITUMEN IMPREGNATEDFIBREBOARD OR 12mm THICK BITUMEN IMPREGNATED SOFT 
refer to AGES-SP-01-001;AGES-STD-01-101/102",M2,2340,2340,,,,,,,,,15.965787037037,37359.9416666667,17.24305,40348.737,69.0447222222222,161564.65,5.52357777777778,12925.172,0,0,91.8119444444444,214839.95,,,
6.1.12,HIGH DENSITYPOLYETHYLENE LAMINATED BITUMEN SHEET,"1.5MM THICK SELF-ADHESIVE, HIGH DENSITYPOLYETHYLENE LAMINATED BITUMEN SHEET MEMBRANE 
refer to AGES-SP-01-001;AGES-STD-01-101/102",M2,2340,2340,,,,,,,,,9.39222222222222,21977.8,10.1436,23736.024,30.1977777777778,70662.8,2.41582222222222,5653.024,0,0,42.7603703703704,100059.266666667,,,
6.1.13,HDPE SHEET,2mm THK  refer to AGES and standard drawing( inculding HDPE LINER inserts ect.）,M2,2340,2340,,,,,,,,,8.55009259259259,20007.2166666667,9.2341,21607.794,50.0423148148148,117099.016666667,4.00338518518519,9367.92133333333,0,0,63.2835648148148,148083.541666667,,,
6.1.14,Geotextile ,"Supply and erection Geotextile according to IFC drawings, specifications and ITP",M2,2340,2340,,,,,,,,,7.16305555555556,16761.55,7.7361,18102.474,7.02435185185185,16436.9833333333,0.561948148148148,1314.95866666667,0,0,15.3218055555556,35853.025,,,
6.2,"1046-SU-0004
First Flush Basin",25000x10000x4000 concrete sump ,,,,,,,,,,,,0,0,0,0,0,0,0,0,0,0,0,0,,,
6.2.1,Earth Work,"EXCAVATION BY EQUIPMENT up to 2m(Slope or Shoring is included in the sub contractor's scope,Subgrade is also included,Minor rock breaking works are also included.)",M3,1232,1232,,,,,,,,,1.82791666666667,2251.99333333333,1.97415,2432.1528,7.08726,8731.50432,1.72705925925926,2127.73700740741,19.7201,24295.1632,30.5085692592593,37586.5573274074,,,
6.2.2,Earth Work,"EXCAVATION BY HAND(Slope or Shoring is included in the sub contractor's scope,Subgrade is also included,Minor rock breaking works are also included.)",M3,308,308,,,,,,,,,282.48,87003.84,305.0784,93964.1472,0,0,0,0,0,0,305.078796296296,93964.2692592593,,,
6.2.3,Earth Work,"BACKFILL - GENERAL BACKFILL(only structure foundation scrop, not all overall)",M3,36,36,,,,,,,,,12.488287037037,449.578333333333,13.48735,485.5446,42.93375,1545.615,3.4347,123.6492,3.21535,115.7526,63.0705555555556,2270.54,,,
6.2.4,Earth Work,"BACKFILL - STRUCTURAL BACKFILL(only structure foundation scrop, not all overall)",M3,144,144,,,,,,,,,12.488287037037,1798.31333333333,13.48735,1942.1784,110.502268518519,15912.3266666667,8.84018148148148,1272.98613333333,3.21535,463.0104,136.048518518519,19590.9866666667,,,
6.2.5,Earth Work,"DISPOSAL OF SOIL 
(OUTSIDE OF CICPA) ",M3,1540,1540,,,,,,,,,0.237777777777778,366.177777777778,0.2568,395.472,42.9864814814815,66199.1814814815,6.27891851851852,9669.53451851852,1.46055,2249.247,50.98275,78513.435,,,
6.2.6,Concrete,"CONCRETE - PLAIN AND LEAN CONC (fc'=20N/mm²) 
refer to AGES-SP-01-001;AGES-STD-01-101",M3,16,16,,,,,,,,,247.685185185185,3962.96296296296,267.5,4280,444.862407407407,7117.79851851852,35.5889925925926,569.423881481481,0,0,747.949814814815,11967.197037037,,,
6.2.7,Concrete,CONCRETE - MAT FOUNDATION (fc'=40N/mm²) refer to AGES-SP-01-001;AGES-STD-01-101,M3,167,167,,,,,,,,,385.492268518519,64377.2088425926,416.33165,69527.38555,749.718287037037,125202.953935185,59.977462962963,10016.2363148148,0.08025,13.40175,1226.10606481481,204759.712824074,,,
6.2.8,Concrete,"CONCRETE - ELEVATION CONCRERE-BM, COL, WALL (fc'=40N/mm²) refer to AGES-SP-01-001;AGES-STD-01-101",M3,151.51,151.51,,,,,,,,,978.529861111111,148257.059256944,1056.81225,160117.6239975,915.176944444445,138658.458852778,73.2141555555555,11092.6767082222,1.78155,269.9226405,2046.98925925926,310139.34267037,,,
6.2.9,POLYETHYLENE SHEET,"0.25MM THK CONFIRMING TO ASTM D2103 
refer to AGES-SP-01-001;AGES-STD-01-101/102",M2,303,303,,,,,,,,,1.03037037037037,312.202222222222,1.1128,337.1784,2.02111111111111,612.396666666667,0.161688888888889,48.9917333333333,0,0,3.29421296296296,998.146527777778,,,
6.2.10,HIGH DENSITYPOLYETHYLENE LAMINATED BITUMEN SHEET  ③,"1.5MM THICK SELF-ADHESIVE, HIGH DENSITYPOLYETHYLENE LAMINATED BITUMEN SHEET MEMBRANE 
refer to AGES-SP-01-001;AGES-STD-01-101/102",M2,303,303,,,,,,,,,9.39222222222222,2845.84333333333,10.1436,3073.5108,30.1977777777778,9149.92666666667,2.41582222222222,731.994133333333,0,0,42.7603703703704,12956.3922222222,,,
6.2.11,30mm LAYER OF SCREED  ④,"30mm LAYER OF SCREED (CAN BE REPLACED WITH 5mm THICK HARD
POLYPROPYLENE BASED PROTECTION BOARD OR SIMILAR APPROVED,
SUBJECT TO COMPANY APPROVAL)",M2,303,303,,,,,,,,,19.1014814814815,5787.74888888889,20.6296,6250.7688,17.3775925925926,5265.41055555556,1.39020740740741,421.232844444444,3.2207,975.8721,42.616712962963,12912.8640277778,,,
6.2.12,MEMBRANE PROTECTION BOARD  ⑤,"MEMBRANE PROTECTION BOARD (3.5mm THICK BITUMEN IMPREGNATEDFIBREBOARD OR 12mm THICK BITUMEN IMPREGNATED SOFT 
refer to AGES-SP-01-001;AGES-STD-01-101/102",M2,630,630,,,,,,,,,15.965787037037,10058.4458333333,17.24305,10863.1215,69.0447222222222,43498.175,5.52357777777778,3479.854,0,0,91.8119444444444,57841.525,,,
6.2.13,HIGH DENSITYPOLYETHYLENE LAMINATED BITUMEN SHEET,"1.5MM THICK SELF-ADHESIVE, HIGH DENSITYPOLYETHYLENE LAMINATED BITUMEN SHEET MEMBRANE 
refer to AGES-SP-01-001;AGES-STD-01-101/102",M2,630,630,,,,,,,,,9.39222222222222,5917.1,10.1436,6390.468,30.1977777777778,19024.6,2.41582222222222,1521.968,0,0,42.7603703703704,26939.0333333333,,,
6.2.14,HDPE SHEET,2mm THK  refer to AGES and standard drawing,M2,630,630,,,,,,,,,8.55009259259259,5386.55833333333,9.2341,5817.483,50.0423148148148,31526.6583333333,4.00338518518519,2522.13266666667,0,0,63.2835648148148,39868.6458333333,,,
6.2.15,Geotextile ,"Supply and erection Geotextile according to IFC drawings, specifications and ITP",M2,630,630,,,,,,,,,7.16305555555556,4512.725,7.7361,4873.743,7.02435185185185,4425.34166666667,0.561948148148148,354.027333333333,0,0,15.3218055555556,9652.7375,,,
6.3,"1016-SU-0001
Evaporation Pond",123000x68000x2500 Pond lined with impervious material (HDPE membrane),,,,,,,,,,,,0,0,0,0,0,0,0,0,0,0,0,0,,,
6.3.1,Earth Work,"EXCAVATION BY EQUIPMENT up to 2m(Slope or Shoring is included in the sub contractor's scope,Subgrade is also included,Minor rock breaking works are also included.)",M3,17120,17120,,,,,,,,,1.82791666666667,31293.9333333333,1.97415,33797.448,7.08726,121333.8912,1.72705925925926,29567.2545185185,19.7201,337608.112,30.5085692592593,522306.705718519,,,
6.3.2,Earth Work,"EXCAVATION BY HAND(Slope or Shoring is included in the sub contractor's scope,Subgrade is also included,Minor rock breaking works are also included.)",M3,4280,4280,,,,,,,,,282.48,1209014.4,305.0784,1305735.552,0,0,0,0,0,0,305.078796296296,1305737.24814815,,,
6.3.3,Earth Work,"BACKFILL - GENERAL BACKFILL(only structure foundation scrop, not all overall)",M3,30,30,,,,,,,,,12.488287037037,374.648611111111,13.48735,404.6205,42.93375,1288.0125,3.4347,103.041,3.21535,96.4605,63.0705555555556,1892.11666666667,,,
6.3.4,Earth Work,"BACKFILL - STRUCTURAL BACKFILL(only structure foundation scrop, not all overall)",M3,120,120,,,,,,,,,12.488287037037,1498.59444444444,13.48735,1618.482,110.502268518519,13260.2722222222,8.84018148148148,1060.82177777778,3.21535,385.842,136.048518518519,16325.8222222222,,,
6.3.5,Earth Work,"DISPOSAL OF SOIL 
(OUTSIDE OF CICPA) ",M3,21400,21400,,,,,,,,,0.237777777777778,5088.44444444445,0.2568,5495.52,42.9864814814815,919910.703703704,6.27891851851852,134368.856296296,1.46055,31255.77,50.98275,1091030.85,,,
6.3.6,Concrete,"CONCRETE - PLAIN AND LEAN CONC (fc'=20N/mm²) 
refer to AGES-SP-01-001;AGES-STD-01-101",M3,430,430,,,,,,,,,247.685185185185,106504.62962963,267.5,115025,444.862407407407,191290.835185185,35.5889925925926,15303.2668148148,0,0,747.949814814815,321618.42037037,,,
6.3.7,Concrete,CONCRETE - MAT FOUNDATION (fc'=40N/mm²) refer to AGES-SP-01-001;AGES-STD-01-101,M3,850,850,,,,,,,,,385.492268518519,327668.428240741,416.33165,353881.9025,749.718287037037,637260.543981481,59.977462962963,50980.8435185185,0.08025,68.2125,1226.10606481481,1042190.15509259,,,
6.3.8,Concrete,"CONCRETE - ELEVATION CONCRERE-BM, COL, WALL (fc'=40N/mm²) refer to AGES-SP-01-001;AGES-STD-01-101",M3,0,,,,,,,,,,0,0,0,0,0,0,0,0,0,0,0,0,,,
6.3.9,POLYETHYLENE SHEET,"0.25MM THK CONFIRMING TO ASTM D2103 
refer to AGES-SP-01-001;AGES-STD-01-101/102",M2,8492,8492,,,,,,,,,1.03037037037037,8749.90518518519,1.1128,9449.8976,2.02111111111111,17163.2755555556,0.161688888888889,1373.06204444444,0,0,3.29421296296296,27974.4564814815,,,
6.3.10,HIGH DENSITYPOLYETHYLENE LAMINATED BITUMEN SHEET  ③,"1.5MM THICK SELF-ADHESIVE, HIGH DENSITYPOLYETHYLENE LAMINATED BITUMEN SHEET MEMBRANE 
refer to AGES-SP-01-001;AGES-STD-01-101/102",M2,8492,8492,,,,,,,,,9.39222222222222,79758.7511111111,10.1436,86139.4512,30.1977777777778,256439.528888889,2.41582222222222,20515.1623111111,0,0,42.7603703703704,363121.065185185,,,
6.3.11,30mm LAYER OF SCREED  ④,"30mm LAYER OF SCREED (CAN BE REPLACED WITH 5mm THICK HARD
POLYPROPYLENE BASED PROTECTION BOARD OR SIMILAR APPROVED,
SUBJECT TO COMPANY APPROVAL)",M2,8492,8492,,,,,,,,,19.1014814814815,162209.780740741,20.6296,175186.5632,17.3775925925926,147570.516296296,1.39020740740741,11805.6413037037,3.2207,27350.1844,42.616712962963,361901.126481481,,,
6.3.12,MEMBRANE PROTECTION BOARD  ⑤,"MEMBRANE PROTECTION BOARD (3.5mm THICK BITUMEN IMPREGNATEDFIBREBOARD OR 12mm THICK BITUMEN IMPREGNATED SOFT 
refer to AGES-SP-01-001;AGES-STD-01-101/102",M2,8492,8492,,,,,,,,,15.965787037037,135581.463518519,17.24305,146427.9806,69.0447222222222,586327.781111111,5.52357777777778,46906.2224888889,0,0,91.8119444444444,779667.032222222,,,
6.3.13,HIGH DENSITYPOLYETHYLENE LAMINATED BITUMEN SHEET,"1.5MM THICK SELF-ADHESIVE, HIGH DENSITYPOLYETHYLENE LAMINATED BITUMEN SHEET MEMBRANE 
refer to AGES-SP-01-001;AGES-STD-01-101/102",M2,8492,8492,,,,,,,,,9.39222222222222,79758.7511111111,10.1436,86139.4512,30.1977777777778,256439.528888889,2.41582222222222,20515.1623111111,0,0,42.7603703703704,363121.065185185,,,
6.3.14,HDPE SHEET,"2mm THK , refer to AGES and standard drawing( inculding HDPE LINER inserts ect.）",M2,8492,8492,,,,,,,,,8.55009259259259,72607.3862962963,9.2341,78415.9772,50.0423148148148,424959.337407407,4.00338518518519,33996.7469925926,0,0,63.2835648148148,537404.032407407,,,
6.3.15,Geotextile ,"Supply and erection Geotextile according to IFC drawings, specifications and ITP",M2,8492,8492,,,,,,,,,7.16305555555556,60828.6677777778,7.7361,65694.9612,7.02435185185185,59650.7959259259,0.561948148148148,4772.06367407407,0,0,15.3218055555556,130112.772777778,,,
6.4,"1047-SU-0001
Wastewater treatment basin",66000x21000x3000 pond lined with impervious material (HDPE membrane),,,,,,,,,,,,0,0,0,0,0,0,0,0,0,0,0,0,,,
,,43000x7000x3500 concrete sump,,,,,,,,,,,,0,0,0,0,0,0,0,0,0,0,0,0,,,
6.4.1,Earth Work,"EXCAVATION BY EQUIPMENT up to 2m(Slope or Shoring is included in the sub contractor's scope,Subgrade is also included,Minor rock breaking works are also included.)",M3,1368,1368,,,,,,,,,1.82791666666667,2500.59,1.97415,2700.6372,7.08726,9695.37168,1.72705925925926,2362.61706666667,19.7201,26977.0968,30.5085692592593,41735.7227466667,,,
6.4.2,Earth Work,"EXCAVATION BY HAND(Slope or Shoring is included in the sub contractor's scope,Subgrade is also included,Minor rock breaking works are also included.)",M3,342,342,,,,,,,,,282.48,96608.16,305.0784,104336.8128,0,0,0,0,0,0,305.078796296296,104336.948333333,,,
6.4.3,Earth Work,"BACKFILL - GENERAL BACKFILL(only structure foundation scrop, not all overall)",M3,44,44,,,,,,,,,12.488287037037,549.48462962963,13.48735,593.4434,42.93375,1889.085,3.4347,151.1268,3.21535,141.4754,63.0705555555556,2775.10444444444,,,
6.4.4,Earth Work,"BACKFILL - STRUCTURAL BACKFILL(only structure foundation scrop, not all overall)",M3,176,176,,,,,,,,,12.488287037037,2197.93851851852,13.48735,2373.7736,110.502268518519,19448.3992592593,8.84018148148148,1555.87194074074,3.21535,565.9016,136.048518518519,23944.5392592593,,,
6.4.5,Earth Work,"DISPOSAL OF SOIL 
(OUTSIDE OF CICPA) ",M3,1710,1710,,,,,,,,,0.237777777777778,406.6,0.2568,439.128,42.9864814814815,73506.8833333334,6.27891851851852,10736.9506666667,1.46055,2497.5405,50.98275,87180.5025,,,
6.4.6,Concrete,"CONCRETE - PLAIN AND LEAN CONC (fc'=20N/mm²) 
refer to AGES-SP-01-001;AGES-STD-01-101",M3,20,20,,,,,,,,,247.685185185185,4953.7037037037,267.5,5350,444.862407407407,8897.24814814815,35.5889925925926,711.779851851852,0,0,747.949814814815,14958.9962962963,,,
6.4.7,Concrete,CONCRETE - MAT FOUNDATION (fc'=40N/mm²) refer to AGES-SP-01-001;AGES-STD-01-101,M3,187,187,,,,,,,,,385.492268518519,72087.054212963,416.33165,77854.01855,749.718287037037,140197.319675926,59.977462962963,11215.7855740741,0.08025,15.00675,1226.10606481481,229281.83412037,,,
6.4.8,Concrete,"CONCRETE - ELEVATION CONCRERE-BM, COL, WALL (fc'=40N/mm²) refer to AGES-SP-01-001;AGES-STD-01-101",M3,167.06,167.06,,,,,,,,,978.529861111111,163473.198597222,1056.81225,176551.054485,915.176944444445,152889.460338889,73.2141555555555,12231.1568271111,1.78155,297.625743,2046.98925925926,341970.025651852,,,
6.4.9,POLYETHYLENE SHEET,"0.25MM THK CONFIRMING TO ASTM D2103 
refer to AGES-SP-01-001;AGES-STD-01-101/102",M2,373,373,,,,,,,,,1.03037037037037,384.328148148148,1.1128,415.0744,2.02111111111111,753.874444444444,0.161688888888889,60.3099555555556,0,0,3.29421296296296,1228.74143518519,,,
6.4.10,HIGH DENSITYPOLYETHYLENE LAMINATED BITUMEN SHEET  ③,"1.5MM THICK SELF-ADHESIVE, HIGH DENSITYPOLYETHYLENE LAMINATED BITUMEN SHEET MEMBRANE 
refer to AGES-SP-01-001;AGES-STD-01-101/102",M2,373,373,,,,,,,,,9.39222222222222,3503.29888888889,10.1436,3783.5628,30.1977777777778,11263.7711111111,2.41582222222222,901.101688888889,0,0,42.7603703703704,15949.6181481481,,,
6.4.11,30mm LAYER OF SCREED  ④,"30mm LAYER OF SCREED (CAN BE REPLACED WITH 5mm THICK HARD
POLYPROPYLENE BASED PROTECTION BOARD OR SIMILAR APPROVED,
SUBJECT TO COMPANY APPROVAL)",M2,373,373,,,,,,,,,19.1014814814815,7124.85259259259,20.6296,7694.8408,17.3775925925926,6481.84203703704,1.39020740740741,518.547362962963,3.2207,1201.3211,42.616712962963,15896.0339351852,,,
6.4.12,MEMBRANE PROTECTION BOARD  ⑤,"MEMBRANE PROTECTION BOARD (3.5mm THICK BITUMEN IMPREGNATEDFIBREBOARD OR 12mm THICK BITUMEN IMPREGNATED SOFT 
refer to AGES-SP-01-001;AGES-STD-01-101/102",M2,780,780,,,,,,,,,15.965787037037,12453.3138888889,17.24305,13449.579,69.0447222222222,53854.8833333333,5.52357777777778,4308.39066666667,0,0,91.8119444444444,71613.3166666667,,,
6.4.13,HIGH DENSITYPOLYETHYLENE LAMINATED BITUMEN SHEET,"1.5MM THICK SELF-ADHESIVE, HIGH DENSITYPOLYETHYLENE LAMINATED BITUMEN SHEET MEMBRANE 
refer to AGES-SP-01-001;AGES-STD-01-101/102",M2,780,780,,,,,,,,,9.39222222222222,7325.93333333333,10.1436,7912.008,30.1977777777778,23554.2666666667,2.41582222222222,1884.34133333333,0,0,42.7603703703704,33353.0888888889,,,
6.4.14,HDPE SHEET,2mm THK  refer to AGES and standard drawing( inculding HDPE LINER inserts ect.）,M2,780,780,,,,,,,,,8.55009259259259,6669.07222222222,9.2341,7202.598,50.0423148148148,39033.0055555556,4.00338518518519,3122.64044444444,0,0,63.2835648148148,49361.1805555556,,,
6.4.15,Geotextile ,"Supply and erection Geotextile according to IFC drawings, specifications and ITP",M2,780,780,,,,,,,,,7.16305555555556,5587.18333333333,7.7361,6034.158,7.02435185185185,5478.99444444444,0.561948148148148,438.319555555555,0,0,15.3218055555556,11951.0083333333,,,
,,SUBTOTAL-CIVIL (Green),,,,,,,,,,,,,15178055.5546529,,16392299.9990251,,31767627.7521155,,2686890.0682092,,1598687.3177472,,52445839.0791974,,,
,,,,,,,,,,,,,,,,,,,,,,,,,,,,
,,,,,,,,,,,,,,,,,,,,,,,,,,,,
,,,,,,,,,,,,,,,,,,,,,,,,,,,,
,,,,,,,,,,,,,,,,,,,,,,,,,,,,
,,,,,,,,,,,,,,,,,,,,,,,,,,,,
,,,,,,,,,,,,,,,,,,,,,,,,,,,,
,,,,,,,,,,,,,,,,,,,,,,,,,,,,
,,,,,,,,,,,,,,,,,,,,,,,,,,,,
