,,,,,,,,,,,,,,,,,,,,
,,,,,,,,,,,,,,,,,,,,
,,,,,,,,,,,,,,,,,,,,
,,,,,,,,,,,,,,,,,,,,
PROJECT:EPC WORKS of the Sulfur Granulator Plant For ADNOC GAS RSHT-2(RSGP),,,,,,,,,,,,,,,,,,,,CODE:24108-25100-
SUBCONTRACT:CIVIL AND BLDG WORKS PACKAGE II,,,,,,,,,,,,,,,,,,,,REV.B DATE:2025/12/2
Item,Category,Description,size,MATERIAL,Unit,"Qty.
",QUANTITIES BY WBS,"MANHOURS
A",,"LABOR COST
B",,"MATERIAL COST
C",,"TOOLS& CONSUMABLE
COST D",,"EQUIPMENT COST
E",,"DIRECT COST TOTAL
F",,Remarks
,,,,,,,"UNIT 10 
General",U/Rate,Amout,U/Rate,Amout,U/Rate,Amout,U/Rate,Amout,U/Rate,Amout,U/Rate,Amout,
,,,,,,Q,,a,=Q*a,b,=Q*b,c,=Q*c,d,=Q*d,e,=Q*e,f=b+c+d+e,=Q*f,
NO.1,,Civil Part,,,,,,,,,,,,,,,,,,
1.1,Sleeve(end seal with bands),"8"" carbon steel, material of pipe shall confirm to API 5L-B or equivalent",,,M,50,50,35.0474537037037,1752.37268518518,37.85125,1892.5625,514.456990740741,25722.849537037,41.1565592592593,2057.82796296296,3.0816,154.08,596.549768518519,29827.4884259259,
1.2,Sleeve(end seal with bands),"10"" carbon steel, material of pipe shall confirm to API 5L-B or equivalent",,,M,50,50,35.0474537037037,1752.37268518518,37.85125,1892.5625,741.138472222222,37056.9236111111,59.2910777777778,2964.55388888889,3.0816,154.08,841.361805555556,42068.0902777778,
1.3,Sleeve(end seal with bands),"12"" carbon steel, material of pipe shall confirm to API 5L-B or equivalent",,,M,50,50,35.0474537037037,1752.37268518518,37.85125,1892.5625,1137.83106481481,56891.5532407407,91.0264851851852,4551.32425925926,3.0816,154.08,1269.79277777778,63489.6388888889,
1.4,Sleeve(end seal with bands),"14"" carbon steel, material of pipe shall confirm to API 5L-B or equivalent",,,M,60,60,35.0474537037037,2102.84722222222,37.85125,2271.075,1704.53476851852,102272.086111111,136.362781481481,8181.76688888889,3.0816,184.896,1881.83277777778,112909.966666667,
1.5,Sleeve(end seal with bands),"20"" carbon steel, material of pipe shall confirm to API 5L-B or equivalent",,,M,40,40,40.2191203703704,1608.76481481481,43.43665,1737.466,3981.81675925926,159272.67037037,318.545340740741,12741.8136296296,6.59655,263.862,4350.39212962963,174015.685185185,
1.6,MANHOLE,"1200x1000x2000 manhole, 30mm THK. HEAVY DUTY STEEL GRATING ，see AGES-STD-01-005",,,EA,4,4,2302.52111111111,9210.08444444444,2486.7228,9946.8912,3537.85097222222,14151.4038888889,283.028077777778,1132.11231111111,140.14325,560.573,6447.74074074074,25790.962962963,
1.7,MANHOLE,"1200x1000x3000 manhole, 30mm THK. HEAVY DUTY STEEL GRATING ,see AGES-STD-01-005",,,EA,3,3,4144.53601851852,12433.6080555556,4476.0989,13428.2967,6368.12976851852,19104.3893055556,509.450381481481,1528.35114444444,252.2525,756.7575,11605.9333333333,34817.8,
1.8,MANHOLE,"1200x1000x4000 manhole, 30mm THK. HEAVY DUTY STEEL GRATING ,see AGES-STD-01-005",,,EA,12,12,5526.04967592593,66312.5961111111,5968.13365,71617.6038,8490.83638888889,101890.036666667,679.266911111111,8151.20293333333,336.33845,4036.0614,15474.5777777778,185694.933333333,
1.9,COC MANHOLE,"1500x1500x3000 manhole, with concrete cover,see AGES-STD-01-009",,,EA,5,5,7771.00875,38855.04375,8392.68945,41963.44725,11940.2439351852,59701.2196759259,955.219514814815,4776.09757407407,472.97745,2364.88725,21761.125,108805.625,
1.10,SANITARY MANHOLE,"1000x1000x3000 manhole, with concrete cover,see AGES-STD-01-007",,,EA,3,3,3453.78166666667,10361.345,3730.0842,11190.2526,5306.77398148148,15920.3219444444,424.541918518519,1273.62575555556,210.2122,630.6366,9671.61111111111,29014.8333333333,
1.11,Concrete sump,3400x3400x3000 concrete sump with concrete cover,,,EA,3,3,7627.25226851852,22881.7568055556,8237.43245,24712.29735,11111.3258333333,33333.9775,888.906066666667,2666.7182,1.05395,3.16185,20238.7081944444,60716.1245833333,
1.12,Catch basin,"600x600x2000 catch basin, GALVANIZED grating, see AGES-STD-01-008",,,EA,6,6,1160.16236111111,6960.97416666667,1252.97535,7517.8521,1203.24472222222,7219.46833333333,96.2595777777778,577.557466666667,16.6171,99.7026,2569.09476851852,15414.5686111111,
1.13,Trench,"500x1000 ,Concrete Trench，Heavy duty steel grating cover",,,M,600,600,13.1768518518519,7906.11111111111,14.231,8538.6,105.811111111111,63486.6666666667,8.46488888888889,5078.93333333333,0,0,128.504027777778,77102.4166666667,
1.14,Excavation,Excavation by mechanical equipment (in any type of GROUND and any depth) & trimming & compaction of cut area to 95% proctor density or as per project requirements,,,M3,12726,12726,15.3168518518519,194922.256666667,16.5422,210516.0372,40.9175925925926,520717.283333333,3.27340740740741,41657.3826666667,36.87755,469303.7013,97.6127314814815,1242219.62083333,
1.15,Excavation,Excavation by hand (in any type of GROUND and any depth) & trimming & compaction of cut area to 95% proctor density or as per project requirements ,,,M3,1414,1414,282.48,399426.72,305.0784,431380.8576,0,0,0,0,0,0,305.078796296296,431381.417962963,
1.16,Clean sand filling,Clean sand filling using washed clean sand including compaction of each layer,,,M3,1250,1250,9.98666666666667,12483.3333333333,10.7856,13482,89.0527314814815,111315.914351852,7.12421851851852,8905.27314814815,0.86135,1076.6875,107.822314814815,134777.893518519,
1.17,Backfilling,Backfilling using selected materials from excavated soil including compaction of each layer. to 95% proctor density or as per project requirements and specifications.,,,M3,12275,12275,12.488287037037,153293.72337963,13.48735,165557.22125,12.4189351851852,152442.429398148,0.993514814814815,12195.3943518519,3.21535,39468.42125,30.1185185185185,369704.814814815,
1.18,Disposal,"DISPOSAL OF SOIL 
(OUTSIDE OF CICPA) ",,,M3,0,,,0,,0,,0,,0,,0,,0,
,,SUBTOTAL-UG PIPING WORKS (Green),,,,,,,944016.282916667,,1019537.58555,,1480499.19393518,,118439.935514815,,519211.58825,,3137751.88106481,
