1005312 - Ruwais Sulphur Handling Terminal-1 Upgrade for Hail & Ghasha ,,,,,,,,,
EXHIBIT C  - INDEX,,,,,,,,,
Sr. No.,Unit,Discipline,Document Category,Document Number,Revision,Subject,Issue Status,Remarks,
,,,,,,COMMON,,,
,,,,,,PROJECT MANAGEMENT,,,
1,00,PROJECT MANAGEMENT,Report,PR-5312-00-GE-009,0,EPC RISK REGISTER,IFT,,
2,00,PROJECT MANAGEMENT,Report,PR-5312-00-GE-015,1,OVERALL CONSTRUCTION PLAN & PHASING STRATEGY,IFT,,
,,,,,,ARCHITECTURAL/CIVIL/STRUCTURAL,,,
3,00,CIVIL,Design Basis,DB-5312-00-AR-001,0,ARCHITECTURAL DESIGN BASIS,IFT,,
4,00,CIVIL,Specification,5312-ADD-1783-004,0,ADDENDUM TO DGS-1783-004 DESIGN GENERAL SPECIFICATION - GROUTING,IFT,,
5,00,CIVIL,Calculation,CA-5312-00-CI-001,0,DESIGN CALCULATION OF STORM WATER SYSTEM,IFT,,
6,00,CIVIL,Calculation,CA-5312-00-CI-003,0,DESIGN CALCULATION OF MISCELLANEOUS ACCESS PLATFORM STRUCTURE,IFT,,
7,00,CIVIL,Calculation,CA-5312-00-CI-004,0,DESIGN CALCULATION OF CROSS OVER STRUCTURE,IFT,,
8,00,CIVIL,Calculation,CA-5312-00-CI-011,0,DESIGN CALCULATION OF OPERATOR SHELTER,IFT,,
9,00,CIVIL,Calculation,CA-5312-00-CI-012,1,DESIGN CALCULATION OF SUBSTATION NO. 5,IFT,,
10,00,CIVIL,Calculation,CA-5312-00-CI-013,1,DESIGN CALCULATION OF OPERATING BUILDING,IFT,,
11,00,CIVIL,Philosophy Documents,DB-5312-00-CI-001,0,DRAINAGE DESIGN PHILOSOPHY,IFT,,
12,00,CIVIL,Scope of Works,RP-5312-00-CI-002,0,SCOPE OF WORKS - TOPOGRAPHIC AND UNDERGROUND SERVICES DETECTION SURVEY,IFT,,
13,00,CIVIL,Scope of Works,RP-5312-00-CI-003,1,SCOPE OF WORK FOR NON-DESTRUCTIVE TESTING ,IFT,,
14,00,CIVIL,Report,RP-5312-00-CI-004,0,NON-DESTRUCTIVE TESTING REPORT,IFT,,
15,00,CIVIL,Material Take off,RP-5312-00-CI-005,0,CIVIL / STRUCTURAL MTO,IFT,,
16,00,CIVIL,Report,RP-5312-00-CI-006,1,SITE VISIT REPORT - CIVIL & STRUCTURAL,IFT,,
17,00,CIVIL,Report,RP-5312-00-CI-010,0,DURABILITY ASSESSMENT REPORT,IFT,,
18,00,CIVIL,Report,RP-5312-00-CI-016,0,TECHNICAL METHOD STATEMENT - TOPOGRAPHIC AND UNDERGROUND SERVICES DETECTION SURVEY,IFT,,
19,00,CIVIL,Report,RP-5312-00-CI-018,0,TASK RISK ASSESSMENT FOR TOPOGRAPHICAL AND UNDERGROUND DETECTION SURVEY,IFT,,
20,00,CIVIL,Report,RP-5312-00-CI-019,0,TOPOGRAPHIC AND UNDERGROUND SERVICES DETECTION SURVEY REPORT,IFT,,
21,00,CIVIL,Method Statement,RP-5312-00-CI-020,0,TECHNICAL METHOD STATEMENT FOR NON-DESTRUCTIVE TESTING,IFT,,
22,00,CIVIL,Method Statement,RP-5312-00-CI-021,0,TASK RISK ASSESSMENT FOR NON-DESTRUCTIVE TESTING,IFT,,
23,00,CIVIL,Report,RP-5312-00-CI-022,0,BATHYMETRY SURVEY REPORT,IFT,,
24,00,CIVIL,Design Basis,SP-5312-00-ST-001,0,CIVIL AND STRUCTURAL DESIGN BASIS,IFT,,
,,,,,,ELECTRICAL,,,
25,00,ELECTRICAL,Specification,5312-ADD-1140-001,0,ADDENDUM TO DESIGN GENERAL SPECIFICATION EMERGENCY GENERATOR,IFT,,
26,00,ELECTRICAL,Specification,5312-ADD-1630-004,0,ADDENDUM TO DESIGN GENERAL SPECIFICATION INTEGRATED PROTECTION AND CONTROL SYSTEM (IPCS),IFT,,
27,00,ELECTRICAL,Specification,5312-ADD-1630-013,0,ADDENDUM TO DESIGN GENERAL SPECIFICATION ELECTRICAL ITEMS ON PACKAGED EQUIPMENT,IFT,,
28,00,ELECTRICAL,Specification,5312-ADD-1630-023,0,ADDENDUM TO DESIGN GENERAL SPECIFICATION LOW VOLTAGE SWITCHGEAR AND CONTROL GEAR  ,IFT,,
29,00,ELECTRICAL,Specification,5312-ADD-1630-024,0,ADDENDUM TO DESIGN GENERAL SPECIFICATION L.V. BUS BAR TRUNKING,IFT,,
30,00,ELECTRICAL,Specification,5312-ADD-1630-025,0,ADDENDUM TO DESIGN GENERAL SPECIFICATION DC UPS SYSTEMS,IFT,,
31,00,ELECTRICAL,Specification,5312-ADD-1630-026,1,ADDENDUM TO DESIGN GENERAL SPECIFICATION STATIC AC UPS SYSTEM,IFT,,
32,00,ELECTRICAL,Specification,5312-ADD-1630-027,1,ADDENDUM TO DESIGN GENERAL SPECIFICATION ELECTRIC MOTORS CAGE INDUCTION,IFT,,
33,00,ELECTRICAL,Specification,5312-ADD-1630-029,0,"ADDENDUM TO DESIGN GENERAL SPECIFICATION POWER, CONTROL AND EARTHING CABLE",IFT,,
34,00,ELECTRICAL,Specification,5312-ADD-1630-033,0,ADDENDUM TO DESIGN GENERAL SPECIFICATION LIGHTING AND SMALL POWER DISTRIBUTION BOARDS ,IFT,,
35,00,ELECTRICAL,Specification,5312-ADD-1630-038,0,ADDENDUM TO DESIGN GENERAL SPECIFICATION POWER FACTOR IMPROVEMENT EQUIPMENT,IFT,,
36,00,ELECTRICAL,Specification,5312-ADD-SP-02-001,0,ADDENDUM TO POWER TRANSFORMER SPECIFICATION,IFT,,
37,00,ELECTRICAL,Specification,5312-ADD-SP-02-003,0,ADDENDUM TO AIR INSULATED HIGH VOLTAGE SWITCHGEAR AND CONTROL GEAR SPECIFICATION,IFT,,
38,00,ELECTRICAL,Specification,5312-ADD-SP-02-004,0,ADDENDUM TO ADJUSTABLE SPEED DRIVE SYSTEM SPECIFICATION,IFT,,
39,00,ELECTRICAL,Lists & Schedules,CA-5312-00-EL-001,0,ELECTRICAL LOAD LIST SUBSTATION-5,IFT,,
40,00,ELECTRICAL,Lists & Schedules,CA-5312-00-EL-002,0,ELECTRICAL LOAD LIST SUBSTATION - 1,IFT,,
41,00,ELECTRICAL,Lists & Schedules,CA-5312-00-EL-003,0,ELECTRICAL LOAD LIST SUBSTATION-2,IFT,,
42,00,ELECTRICAL,Lists & Schedules,CA-5312-00-EL-004,0,ELECTRICAL LOAD LIST SUBSTATION-3,IFT,,
43,00,ELECTRICAL,Lists & Schedules,CA-5312-00-EL-005,0,ELECTRICAL LOAD LIST SUBSTATION-4,IFT,,
44,00,ELECTRICAL,Calculation,CA-5312-00-EL-007,2,INDOOR LIGHTING CALCULATION - NEW BUILDINGS,IFT,,
45,00,ELECTRICAL,Calculation,CA-5312-00-EL-008,0,CABLE SIZING CALCULATION,IFT,,
46,00,ELECTRICAL,Calculation,CA-5312-00-EL-009,0,TRANSFORMER SIZING CALCULATION SUBSTATION-5,IFT,,
47,00,ELECTRICAL,Calculation,CA-5312-00-EL-010,1,AC UPS SIZING CALCULATION (SUBSTATION-5),IFT,,
48,00,ELECTRICAL,Calculation,CA-5312-00-EL-011,0,DC UPS SIZING CALCULATION (SUBSTATION-5),IFT,,
49,00,ELECTRICAL,Calculation,CA-5312-00-EL-012,0,EMERGENCY DIESEL GENERATOR SIZING CALCULATION (SUBSTATION - 5),IFT,,
50,00,ELECTRICAL,Calculation,CA-5312-00-EL-013,0,LIGHTING CALCULATION - OUTDOOR,IFT,,
51,00,ELECTRICAL,Calculation,CA-5312-00-EL-014,0,EARTHING & LIGHTNING PROTECTION CALCULATION FOR GENERAL PLANT AREA AND SUBSTATION 5,IFT,,
52,00,ELECTRICAL,Calculation,CA-5312-00-EL-015,0,AC UPS SIZING CALCULATION (OPERATIONS BUILDING),IFT,,
53,00,ELECTRICAL,Design Basis,DB-5312-00-EL-001,1,ELECTRICAL DESIGN BASIS,IFT,,
54,00,ELECTRICAL,Data Sheet,DS-5312-E-001,0,"DATASHEET FOR POWER, CONTROL AND EARTHING CABLE",IFT,,
55,00,ELECTRICAL,Data Sheet,DS-5312-E-002,0,DATASHEET FOR LV CAGE INDUCTION MOTORS,IFT,,
56,00,ELECTRICAL,Data Sheet,DS-5312-E-003,0,DATASHEET FOR 11KV HV AIR INSULATED SWITCHGEAR,IFT,,
57,00,ELECTRICAL,Data Sheet,DS-5312-E-004,1,DATASHEET FOR LV SWITCHGEAR,IFT,,
58,00,ELECTRICAL,Data Sheet,DS-5312-E-005,0,DATASHEET FOR DISTRIBUTION TRANSFORMER,IFT,,
59,00,ELECTRICAL,Data Sheet,DS-5312-E-006,0,DATASHEET FOR DISTRIBUTION BOARD (ALEM SCOPE),IFT,,
60,00,ELECTRICAL,Data Sheet,DS-5312-E-007,0,DATASHEET OF DC UPS FOR SUBSTATION 5,IFT,,
61,00,ELECTRICAL,Data Sheet,DS-5312-E-008,0,DATASHEET FOR AC UPS (SUBSTATION-5) 30-UPS-AC-5001A/B  & 30-UPS-AC-5003A/B,IFT,,
62,00,ELECTRICAL,Data Sheet,DS-5312-E-009,0,"DATASHEET FOR AC UPS (ALEM SCOPE) & (OPERATIONS BUILDING) 5330-UPS-1001, 5330-UPS-1004 & 40-UPS-AC-6003",IFT,,
63,00,ELECTRICAL,Data Sheet,DS-5312-E-010,0,DATASHEET FOR INTEGRATED PROTECTION AND CONTROL SYSTEM (IPCS),IFT,,
64,00,ELECTRICAL,Data Sheet,DS-5312-E-011,0,DATASHEET FOR EMERGENCY DIESEL GENERATOR FOR SUBSTATION-5 AND SUBSTATION-3,IFT,,
65,00,ELECTRICAL,Data Sheet,DS-5312-E-012,0,DATASHEET FOR LV BUS DUCT,IFT,,
66,00,ELECTRICAL,Data Sheet,DS-5312-E-013,1,DATASHEET FOR DISTRIBUTION BOARD,IFT,,
67,00,ELECTRICAL,Report,RP-5312-00-EL-001,0,SITE VISIT REPORT - ELECTRICAL,IFT,,
68,00,ELECTRICAL,Report,RP-5312-00-EL-002,0,POWER SYSTEM ADEQUACY REPORT,IFT,,
69,00,ELECTRICAL,Report,RP-5312-00-EL-003,1,AC & DC UPS SIZING CALCULATION REPORT (ALEM SCOPE),IFT,,
70,00,ELECTRICAL,Report,RP-5312-00-EL-005,0,POWER SYSTEM STUDY REPORT,IFT,,
71,00,ELECTRICAL,Cable Schedule,RP-5312-00-EL-006,0,ELECTRICAL CABLE SCHEDULE SUBSTATION-5,IFT,,
72,00,ELECTRICAL,Cable Schedule,RP-5312-00-EL-007,0,ELECTRICAL CABLE SCHEDULE SUBSTATION-1,IFT,,
73,00,ELECTRICAL,Cable Schedule,RP-5312-00-EL-008,0,ELECTRICAL CABLE SCHEDULE SUBSTATION-2,IFT,,
74,00,ELECTRICAL,Cable Schedule,RP-5312-00-EL-009,0,ELECTRICAL CABLE SCHEDULE SUBSTATION-3,IFT,,
75,00,ELECTRICAL,Cable Schedule,RP-5312-00-EL-010,0,ELECTRICAL CABLE SCHEDULE SUBSTATION-4,IFT,,
76,00,ELECTRICAL,Cable Schedule,RP-5312-00-EL-011,0,ELECTRICAL CABLE SCHEDULE FOR OPERATIONS BUILDING,IFT,,
77,00,ELECTRICAL,Lists & Schedules,RP-5312-00-EL-012,0,IPCS I/O LIST,IFT,,
78,00,ELECTRICAL,Lists & Schedules,RP-5312-00-EL-013,0,ELECTRICAL TIE-IN SCHEDULE,IFT,,
79,00,ELECTRICAL,Scope of Works,RP-5312-00-EL-014,0,SCOPE OF WORK FOR SWITCHGEAR MODIFICATION AND RELAY REPLACEMENT ,IFT,,
80,00,ELECTRICAL,Scope of Works,RP-5312-00-EL-021,0,SCOPE OF WORK FOR INTEGRARED PROTECTION AND CONTROL SYSTEM (IPCS),IFT,,
81,00,ELECTRICAL,Material Take off,RP-5312-00-EL-022,0,ELECTRICAL BULK MTO ,IFT,,
82,00,ELECTRICAL,Philosophy Documents,RP-5312-00-EL-023,0,SHUTDOWN AND CHANGEOVER PHILOSOPHY,IFT,,
83,00,ELECTRICAL,Report,RP-5312-00-EL-024,1,ELECTRICAL DEMOLITION REPORT ,IFT,,
84,00,ELECTRICAL,Lists & Schedules,RP-5312-00-EL-025,0,ELECTRICAL EQUIPMENT LIST,IFT,,
85,00,ELECTRICAL,Specification,SP-5312-00-EL-001,0,SPECIFICATION FOR ELECTRICAL BULK MATERIALS,IFT,,
,,,,,,GEOTECHNICAL,,,
86,00,GEOTECHNICAL,Report,RP-5312-00-CI-007,0,ONSHORE GEOTECHNICAL INTERPRETATIVE REPORT,IFT,,
87,00,GEOTECHNICAL,Report,RP-5312-00-CI-008,1,OFFSHORE GEOTECHNICAL INTERPRETATIVE REPORT,IFT,,
88,00,GEOTECHNICAL,Report,RP-5312-00-CI-015,1,"TECHNICAL METHOD STATEMENT - BATHYMETRIC AND ONSHORE, OFFSHORE GEOTECHNICAL INVESTIGATION  ",IFT,,
89,00,GEOTECHNICAL,Report,RP-5312-00-CI-017,1,"TASK RISK ASSESSMENT - BATHYMETRIC AND ONSHORE, OFFSHORE GEOTECHNICAL INVESTIGATION ",IFT,,
90,00,GEOTECHNICAL,Scope of Works,SP-5312-00-CI-001,1,BATHYMETRY AND GEOTECHNICAL INVESTIGATION SCOPE OF WORK AND SPECIFICATIONS,IFT,,
,,,,,,HVAC,,,
91,00,HVAC,Specification,5312-ADD-3400-002,0,ADDENDUM TO DGS-3400-002 DESIGN GENERAL SPECIFICATION HVAC EQUIPMENT,IFT,,
92,00,HVAC,Specification,5312-ADD-3400-003,0,ADDENDUM TO DGS-3400-003 DESIGN GENERAL SPECIFICATION DUCTWORK AND DUCTWORK INSULATION,IFT,,
93,00,HVAC,Specification,5312-ADD-3400-004,0,ADDENDUM TO DGS-3400-004 DESIGN GENERAL SPECIFICATION HVAC CONTROL,IFT,,
94,00,HVAC,Calculation,CA-5312-00-ME-001,1,HVAC HEAT LOAD CALCULATION (SS #5),IFT,,
95,00,HVAC,Calculation,CA-5312-00-ME-002,1,HVAC HEAT LOAD CALCULATION (OPERATIONS BUILDING),IFT,,
96,00,HVAC,Calculation,CA-5312-00-ME-003,1,HVAC HEAT LOAD CALCULATION (OPERATOR SHELTER),IFT,,
97,00,HVAC,Design Basis,DB-5312-00-ME-003,0,HVAC DESIGN BASIS,IFT,,
98,00,HVAC,Philosophy Documents,DI-5312-00-ME-001,0,HVAC CONTROL DESIGN PHILOSOPHY AND SEQUENCE OF OPERATION,IFT,,
99,00,HVAC,Data Sheet,DS-5312-00-X-0001,0,HVAC EQUIPMENT DATA SHEETS (SUBSTATION #5),IFT,,
100,00,HVAC,Data Sheet,DS-5312-00-X-0002,0,HVAC EQUIPMENT DATA SHEETS (OPERATIONS BUILDING),IFT,,
101,00,HVAC,Data Sheet,DS-5312-00-X-0003,1,HVAC EQUIPMENT DATA SHEETS (OPERATOR SHELTER),IFT,,
102,00,HVAC,Lists & Schedules,RP-5312-00-ME-003,1,HVAC EQUIPMENT SCHEDULE (OPERATOR SHELTER),IFT,,
103,00,HVAC,Report,RP-5312-00-ME-004,0,ADEQUACY REPORT FOR HVAC SYSTEM OF EXISTING SUBSTATIONS,IFT,,
104,00,HVAC,Lists & Schedules,RP-5312-00-ME-006,0,HVAC EQUIPMENT SCHEDULE (OPERATIONS BUILDING),IFT,,
105,00,HVAC,Lists & Schedules,RP-5312-00-ME-007,0,HVAC EQUIPMENT SCHEDULE (SUBSTATION #5),IFT,,
,,,,,,INSTRUMENTATION & CONTROL,,,
106,00,INSTRUMENTATION,Specification,5312-ADD-1511-031,0,FIRE & GAS DETECTORS ADDENDUM TO DGS ,IFT,,
107,00,INSTRUMENTATION,Specification,5312-ADD-1511-033,0,INSTRUMENTATION FURNISHED WITH PACKAGE UNITS ADDENDUM TO DGS,IFT,,
108,00,INSTRUMENTATION,Specification,5312-ADD-SP-04-001,0,PROCESS CONTROL SPECIFICATION ADDENDUM TO AGES,IFT,,
109,00,INSTRUMENTATION,Specification,5312-ADD-SP-04-002,0,CONTROL VALVES SPECIFICATION ADDENDUM TO AGES,IFT,,
110,00,INSTRUMENTATION,Specification,5312-ADD-SP-04-003,0,FIRE & GAS SYSTEM SPECIFICATIONS ADDENDUM TO AGES,IFT,,
111,00,INSTRUMENTATION,Specification,5312-ADD-SP-04-004,0,EMERGENCY SHUTDOWN (SIS) SYSTEM SPECIFICATION ADDENDUM TO AGES ,IFT,,
112,00,INSTRUMENTATION,Specification,5312-ADD-SP-04-005,0,EMERGENCY SHUTDOWN AND ON/OFF VALVES SPECIFICATION ADDENDUM TO AGES,IFT,,
113,00,INSTRUMENTATION,Calculation,CA-5312-00-IN-001,0,INSTRUMENT SIZING CALCULATIONS,IFT,,
114,00,INSTRUMENTATION,Design Basis,DB-5312-00-IN-001,1,INSTRUMENT DESIGN BASIS,IFT,,
115,00,INSTRUMENTATION,Report,DI-5312-00-IN-001,0,INSTRUMENT POWER CONSUMPTION,IFT,,
116,00,INSTRUMENTATION,Report,DI-5312-00-IN-002,0,INSTRUMENT AIR & NITROGEN CONSUMPTION,IFT,,
117,00,INSTRUMENTATION,Data Sheet,DS-5312-J-011,0,DATA SHEET FOR ORIFICE PLATE & ORIFICE FLANGE ASSEMBLY,IFT,,
118,00,INSTRUMENTATION,Data Sheet,DS-5312-J-021,0,DATA SHEET FOR LEVEL GAUGE,IFT,,
119,00,INSTRUMENTATION,Data Sheet,DS-5312-J-022,0,DATA SHEET FOR LEVEL TRANSMITTERS,IFT,,
120,00,INSTRUMENTATION,Data Sheet,DS-5312-J-031,0,DATA SHEET FOR PRESSURE GAUGES,IFT,,
121,00,INSTRUMENTATION,Data Sheet,DS-5312-J-032,0,DATA SHEET FOR ELECTRONIC TRANMITTERS,IFT,,
122,00,INSTRUMENTATION,Data Sheet,DS-5312-J-051,0,DATA SHEET FOR CONTROL VALVES,IFT,,
123,00,INSTRUMENTATION,Data Sheet,DS-5312-J-052,1,DATA SHEET FOR EMERGENCY SHUTDOWN VALVES,IFT,,
124,00,INSTRUMENTATION,Data Sheet,DS-5312-J-053,1,DATA SHEET FOR ON/OFF VALVES & MOV,IFT,,
125,00,INSTRUMENTATION,Data Sheet,DS-5312-J-054,0,DATA SHEET FOR FLOW TRANSMITTERS,IFT,,
126,00,INSTRUMENTATION,Data Sheet,DS-5312-J-061,0,DATA SHEET FOR F&G DETECTORS,IFT,,
127,00,INSTRUMENTATION,Data Sheet,DS-5312-J-062,0,DATA SHEET FOR ANALYZERS,IFT,,
128,00,INSTRUMENTATION,Data Sheet,DS-5312-J-063,0,DATA SHEET FOR SAFETY RELIEF DEVICES,IFT,,
129,00,INSTRUMENTATION,Material Requisition,MR-5312-00-IN-001,0,MATERIAL REQUISITION FOR NEW ESD & FGS SYSTEM,IFT,,
130,00,INSTRUMENTATION,Material Requisition,MR-5312-00-IN-002,0,MATERIAL REQUISITION FOR NEW DCS SYSTEM,IFT,,
131,00,INSTRUMENTATION,Procedure,PR-5312-00-IN-001,0,SPI IMPLEMENTATION PROCEDURE,IFT,,
132,00,INSTRUMENTATION,Report,RP-5312-00-IN-001,0,INSTRUMENT SITE VISIT REPORT,IFT,,
133,00,INSTRUMENTATION,Report,RP-5312-00-IN-002,0,ADEQUACY STUDY REPORT FOR DCS & ESD SYSTEM,IFT,,
134,00,INSTRUMENTATION,Report,RP-5312-00-IN-003,0,ADEQUACY STUDY REPORT FOR EXISTING FACP SYSTEM,IFT,,
135,00,INSTRUMENTATION,Philosophy Documents,RP-5312-00-IN-004,0,INSTRUMENT AND CONTROL PHILOSOPHY,IFT,,
136,00,INSTRUMENTATION,Scope of Works,RP-5312-00-IN-006,0,F&G SYSTEM ADEQUACY STUDY SOW,IFT,,
137,00,INSTRUMENTATION,Scope of Works,RP-5312-00-IN-007,0,DCS/ESD SYSTEM ADEQUACY STUDY SOW,IFT,,
138,00,INSTRUMENTATION,Report,RP-5312-00-IN-008,0,INSTRUMENT OBSOLESCENCE STUDY REPORT,IFT,,
139,00,INSTRUMENTATION,Report,RP-5312-00-IN-009,0,INSTRUMENT DEMOLITION SOW,IFT,,
140,00,INSTRUMENTATION,Scope of Works,RP-5312-00-IN-010,0,ESD AND F&G SUPPLY AND MODIFICATION SOW,IFT,,
141,00,INSTRUMENTATION,Scope of Works,RP-5312-00-IN-011,0,DCS SYSTEM SUPPLY AND MODIFICATION SOW,IFT,,
142,00,INSTRUMENTATION,Specification,SP-5312-00-IN-001,0,SPECIFICATION FOR HSSD,IFT,,
143,00,INSTRUMENTATION,Specification,SP-5312-00-IN-002,0,FACP SPECIFICATION,IFT,,
144,00,INSTRUMENTATION,Technical Bid Evaluation,TE-5312-00-IN-001,1,TECHNICAL BID EVALUATION FOR NEW ESD AND FGS SYSTEM,IFT,,
145,00,INSTRUMENTATION,Technical Bid Evaluation,TE-5312-00-IN-002,1,TECHNICAL BID EVALUATION FOR NEW DCS SYSTEM,IFT,,
,,,,,,MARINE,,,
146,00,MARINE,Specification,5312-ADD-SP-01-001,0,ADDENDUM TO AGES-SP-01-001 CONCRETE SUPPLY AND CONSTRUCTION SPECIFICATION,IFT,,
147,00,MARINE,Report,RP-5312-00-CI-009,0,SETTLEMENT ASSESSMENT ANALYSIS,IFT,,
148,00,MARINE,Report,RP-5312-00-ST-001,0,MARINE SITE SURVEY REPORT,IFT,,
149,00,MARINE,Report,RP-5312-00-ST-002,0,MARINE SITE SURVEY REPORT,IFT,,
150,00,MARINE,Specification,SP-5312-00-ST-003,0,SPECIFICATIONS - FENDERS,IFT,,
,,,,,,MATERIALS & CORROSION,,,
151,00,MATERIALS AND CORROSION,Philosophy Documents,RP-5312-00-MC-001,3,CORROSION CONTROL & MATERIALS SELECTION PHILOSOPHY,IFT,,
152,00,MATERIALS AND CORROSION,Report,RP-5312-00-MC-002,0,MATERIALS SELECTION REPORT AND SUMMARY TABLES,IFT,,
153,00,MATERIALS AND CORROSION,Report,RP-5312-00-MC-003,0,CATHODIC PROTECTION SYSTEM SITE SURVEY AND ADEQUACY REPORT,IFT,,
154,00,MATERIALS AND CORROSION,Report,RP-5312-00-MC-004,0,DESIGN OF CATHODIC PROTECTION SYSTEM FOR ONSHORE FACILITIES (TANK BOTTOM),IFT,,
155,00,MATERIALS AND CORROSION,Bill of Quantities,RP-5312-00-MC-005,0,CATHODIC PROTECTION BOQ,IFT,,
156,00,MATERIALS AND CORROSION,Report,RP-5312-00-MC-006,0,CORROSION RISK ASSESSMENT (CRAS) & MATERIALS & CORROSION AUDIT (MCA) REPORT,IFT,,
157,00,MATERIALS AND CORROSION,Scope of Works,RP-5312-00-MC-007,0,EPC SOW FOR CATHODIC PROTECTION SYSTEM DESIGN,IFT,,
158,00,MATERIALS AND CORROSION,Report,RP-5312-00-MC-008,0,DESIGN OF CATHODIC PROTECTION SYSTEM FOR MARINE FACILITIES ,IFT,,
159,00,MATERIALS AND CORROSION,Report,RP-5312-00-MC-009,0,CORROSION RISK ASSESSMENT (CRAS) & MATERIALS & CORROSION AUDIT (MCA) METHODOLOGY,IFT,,
,,,,,,MECHANICAL,,,
160,00,MECHANICAL,Specification,5312-ADD-2520-002,0,SPECIFICATION FOR SULPHUR STORAGE TANKS ADDENDUM TO DGS-2520-002 REV.3  ,IFT,,
161,00,MECHANICAL,Specification,5312-ADD-SP-06-002,0,SPECIFICATION FOR PRESSURE VESSELS ADDENDUM TO AGES-SP-06-002 REV.1 ,IFT,,
162,00,MECHANICAL,Design Basis,DB-5312-00-ME-001,0,MATERIALS HANDLING DESIGN BASIS - NEW AND MODIFIED EQUIPMENT,IFT,,
163,00,MECHANICAL,Design Basis,DB-5312-00-ME-002,0,DESIGN BASIS - STATIC EQUIPMENT,IFT,,
164,00,MECHANICAL,Design Basis,DB-5312-00-ME-004,0,DESIGN BASIS FOR ROTATING EQUIPMENT,IFT,,
165,00,MECHANICAL,Scope of Works,RP-5312-00-ME-001,1,ORIGINAL EQUIPMENT MANUFACTURER (OEM) SULPHUR GRANULATION EQUIPMENT CONDITION INSPECTIONS AND RECOMMENDATIONS SCOPE OF WORK ,IFT,,
166,00,MECHANICAL,Scope of Works,RP-5312-00-ME-002,1,ORIGINAL EQUIPMENT MANUFACTURER (OEM) BULK SOLID HANDLING EQUIPMENT CONDITION INSPECTIONS AND RECOMMENDATIONS SCOPE OF WORK,IFT,,
167,00,MECHANICAL,Report,RP-5312-00-ME-005,0,SITE VISIT REPORT - MECHANICAL,IFT,,
168,00,MECHANICAL,Scope of Works,RP-5312-00-ME-008,0,"SCOPE OF WORK FOR MODIFICATION IN EXISTING BULK MATERIAL HANDLING EQUIPMENT (BELT CONVEYOR, STACKER / RECLAIMER) ",IFT,,
,,,,,,PIPING,,,
169,00,PIPING,Specification,5312-ADD-1300-010,1,ADDENDUM TO DGS 1300-010 PIPING SYSTEMS (PIPING CLASSES),IFT,,
170,00,PIPING,Specification,5312-ADD-1300-015,0,ADDENDUM TO DGS 1300-015 PIPES AND PIPING COMPONENTS ,IFT,,
171,00,PIPING,Specification,5312-ADD-1300-060,0,ADDENDUM TO DESIGN GENERAL SPECIFICATION - PIPING FLEXIBILITY ANALYSIS,IFT,,
172,00,PIPING,Specification,5312-ADD-1300-070,0,ADDENDUM TO DGS-1300-070 PIPE SUPPORTS ,IFT,,
173,00,PIPING,Specification,5312-ADD-1300-090,0,ADDENDUM TO DESIGN GENERAL SPECIFICATION STEAM JACKETED PIPING,IFT,,
174,00,PIPING,Lists & Schedules,5312-ADD-1300-100,0,ADDENDUM TO DGS-1300-100 PIPING TIE-INS,IFT,,
175,00,PIPING,Specification,5312-ADD-1470-009,1,ADDENDUM TO DGS-1470-009 REQUIREMENTS FOR FIBER REINFORCED PLASTIC (FRP) PIPES AND FITTINGS,IFT,,
176,00,PIPING,Specification,5312-ADD-6500-010,0,ADDENDUM TO DGS-6500-010 HOT INSULATION FOR PIPING AND EQUIPMENT,IFT,,
177,00,PIPING,Specification,5312-ADD-SP-09-003,0,ADDENDUM TO AGES-SP-09-003 SPECIFICATION OF MANUAL PIPING AND PIPELINE VALVES  ,IFT,,
178,00,PIPING,Calculation,CA-5312-00-PI-001,1,PIPE WALL THICKNESS CALCULATION,IFT,,
179,00,PIPING,Design Basis,DB-5312-00-PI-001,0,PIPING DESIGN BASIS,IFT,,
180,00,PIPING,Lists & Schedules,DI-5312-00-PI-001,0,PIPE STRESS CRITICAL LINE LIST,IFT,,
181,00,PIPING,Lists & Schedules,DI-5312-00-PI-002,0,PIPING TIE-IN SCHEDULE,IFT,,
182,00,PIPING,Lists & Schedules,DI-5312-00-PI-003,0,PIPE SUPPORT SCHEDULE,IFT,,
183,00,PIPING,Material Take off,DI-5312-00-PI-004,0,VALVE MTO,IFT,,
184,00,PIPING,Lists & Schedules,DI-5312-00-PI-005,0,PIPE SPRING SUPPORT SCHEDULE,IFT,,
185,00,PIPING,Lists & Schedules,DI-5312-00-PI-006,0,PIPING SPECIALTY ITEMS LIST ,IFT,,
186,00,PIPING,Material Take off,DI-5312-00-PI-007,0,PIPING BULK MTO,IFT,,
187,00,PIPING,Report,DI-5312-00-PI-5001,0,EARLY TIE-IN WORKS PACKAGE,IFT,,
188,00,PIPING,Data Sheet,DS-5312-00-PI-5001,0,DATASHEETS FOR MANUAL BALL VALVES,IFT,,
189,00,PIPING,Data Sheet,DS-5312-00-PI-5002,0,DATASHEETS FOR GATE VALVES,IFT,,
190,00,PIPING,Data Sheet,DS-5312-00-PI-5003,1,DATASHEETS FOR GLOBE VALVES,IFT,,
191,00,PIPING,Data Sheet,DS-5312-00-PI-5004,0,DATASHEETS FOR BUTTERFLY VALVES,IFT,,
192,00,PIPING,Data Sheet,DS-5312-00-PI-5005,1,DATASHEETS FOR CHECK VALVES,IFT,,
193,00,PIPING,Data Sheet,DS-5312-00-PI-5006,1,DATASHEETS FOR JACKETED PLUG VALVES,IFT,,
194,00,PIPING,Data Sheet,DS-5312-00-PI-5011,1,DATASHEETS FOR SPECIALTY ITEMS,IFT,,
195,00,PIPING,Material Requisition,MR-5312-00-PI-002,0,MATERIAL REQUISITION FOR JACKETED PLUG VALVES ,IFT,,
196,00,PIPING,Procedure,PR-5312-00-PI-001,0,SMARTPLANT 3D IMPLEMENTATION PLAN,IFT,,
197,00,PIPING,Procedure,PR-5312-00-PI-002,0,3D MODEL REVIEW PROCEDURE,IFT,,
198,00,PIPING,Report,RP-5312-00-PI-001,0,SITE VISIT REPORT - PIPING,IFI,,
199,00,PIPING,Report,RP-5312-00-PI-002,0,PLOT PLAN REVIEW REPORT,IFT,,
200,00,PIPING,Report,RP-5312-00-PI-003,0,60% MODEL REVIEW REPORT,IFT,,
201,00,PIPING,Report,RP-5312-00-PI-004,0,90% MODEL REVIEW REPORT,IFT,,
202,00,PIPING,Scope of Works,RP-5312-00-PI-005,0,PIPING DEMOLITION SCOPE OF WORK,IFT,,
203,00,PIPING,Report,RP-5312-00-PI-006,0,60% 3D MODEL REVIEW CLOSE-OUT REPORT,IFT,,
204,00,PIPING,Report,RP-5312-00-PI-007,0,90% 3D MODEL REVIEW CLOSE-OUT REPORT,IFT,,
205,00,PIPING,Report,RP-5312-00-PI-008,0,SITE VISIT REPORT - PIPING,IFT,,
206,00,PIPING,Report,RP-5312-00-PI-009,0,SITE VISIT REPORT - PIPING ,IFT,,
207,00,PIPING,Report,RP-5312-00-PI-010,0,SITE VISIT REPORT - PIPING,IFT,,
,,,,,,PROCESS,,,
208,00,PROCESS,Design Basis,DB-5312-00-PR-001,0,PROCESS BASIS OF DESIGN,IFT,,
209,00,PROCESS,Report,RP-5312-00-PR-001,0,PROCESS DESCRIPTION,IFT,,
210,00,PROCESS,Lists & Schedules,RP-5312-00-PR-002,0,EQUIPMENT LIST,IFT,,
211,00,PROCESS,Heat & Mass Balance,RP-5312-00-PR-004,1,HEAT & MASS BALANCE,IFT,,
212,00,PROCESS,Report,RP-5312-00-PR-005,0,UTILITY STUDY & ADEQUACY REPORT,IFT,,
213,00,PROCESS,Report,RP-5312-00-PR-007,1,SITE VISIT REPORT - PROCESS,IFT,,
214,00,PROCESS,Philosophy Documents,RP-5312-00-PR-008,0,OPERATING AND CONTROL PHILOSOPHY,IFT,,
215,00,PROCESS,Philosophy Documents,RP-5312-00-PR-009,0,EMERGENCY SHUTDOWN PHILOSOPHY,IFT,,
216,00,PROCESS,Report,RP-5312-00-PR-010,1,PFD & UFD REVIEW REPORT,IFI,,
217,00,PROCESS,Lists & Schedules,RP-5312-00-PR-012,0,LINE LIST,IFT,,
218,00,PROCESS,Report,RP-5312-00-PR-013,1,P&ID REVIEW REPORT,IFI,,
219,00,PROCESS,Philosophy Documents,RP-5312-00-PR-014,0,START-UP AND NORMAL SHUTDOWN PHILOSOPHY,IFT,,
220,00,PROCESS,Philosophy Documents,RP-5312-00-PR-015,0,EQUIPMENT ISOLATION PHILOSOPHY,IFT,,
221,00,PROCESS,Philosophy Documents,RP-5312-00-PR-016,1,VENT & DRAIN PHILOSOPHY,IFT,,
222,00,PROCESS,Philosophy Documents,RP-5312-00-PR-017,0,TIE-IN PHILOSOPHY,IFT,,
223,00,PROCESS,Philosophy Documents,RP-5312-00-PR-018,0,"PRE-COMMISSIONING, COMMISSIONING PHILOSOPHY",IFT,,
224,00,PROCESS,Report,RP-5312-00-PR-019,0,PROCESS SAFEGUARDING MEMORANDUM ,IFT,,
225,00,PROCESS,Lists & Schedules,RP-5312-00-PR-020,0,TIE-IN LIST,IFT,,
226,00,PROCESS,Report,RP-5312-00-PR-021,0,OVERALL EMISSION AND EFFLUENT SUMMARY,IFT,,
227,00,PROCESS,Report,RP-5312-00-PR-022,0,HYDRAULIC CALCULATION REPORT,IFT,,
228,00,PROCESS,Calculation,RP-5312-00-PR-023,0,PROCESS SIZING CALCULATIONS FOR EQUIPMENT,IFT,,
229,00,PROCESS,Report,RP-5312-00-PR-025,0,PFD & UFD REVIEW CLOSE OUT REPORT,IFT,,
230,00,PROCESS,Report,RP-5312-00-PR-026,0,P&ID REVIEW CLOSE OUT REPORT,IFT,,
231,00,PROCESS,Report,RP-5312-00-PR-027,1,ENERGY REPORT (ER-3 DEFINE STAGE),IFT,,
232,00,PROCESS,Cause and Effect Diagram/Charts,RP-5312-00-PR-028,0,"CAUSE & EFFECT DIAGRAM UNIT 10,30,40 (MODIFICATIONS) SHT-1 EXISTING / NEW FACILITIES",IFT,,
233,00,PROCESS,Lists & Schedules,RP-5312-00-PR-029,0,ALARM & TRIP LIST,IFT,,
234,00,PROCESS,Report,RP-5312-00-PR-030,1,DECOMMISSIONING AND DEMOLITION PHILOSOPHY,IFT,,
,,,,,,SAFETY & RISK,,,
235,00,SAFETY,Report,RP-5312-00-SA-001,1,PROJECT HSE PLAN,IFT,,
236,00,SAFETY,Philosophy Documents,RP-5312-00-SA-002,0,PROJECT HSE PHILOSOPHY,IFT,,
237,00,SAFETY,Philosophy Documents,RP-5312-00-SA-003,1,FIRE PROTECTION PHILOSOPHY,IFT,,
238,00,SAFETY,Scope of Works,RP-5312-00-SA-004,0,SCOPE OF WORK FOR SAFETY STUDIES,IFT,,
239,00,SAFETY,Lists & Schedules,RP-5312-00-SA-005,0,HAZARDOUS AREA CLASSIFICATION SCHEDULE,IFT,,
240,00,SAFETY,Philosophy Documents,RP-5312-00-SA-006,1,FIRE & GAS DETECTION PHILOSOPHY,IFT,,
241,00,SAFETY,Report,RP-5312-00-SA-007,0,FIRE & GAS PERFORMANCE TARGET STUDY ASSUMPTION REGISTER,IFT,,
242,00,SAFETY,Calculation,RP-5312-00-SA-008,1,FIRE WATER DEMAND CALCULATION,IFT,,
243,00,SAFETY,Report,RP-5312-00-SA-009,0,FIRE WATER STEADY STATE HYDRAULIC CALCULATION REPORT,IFT,,
244,00,SAFETY,Report,RP-5312-00-SA-010,0,FIRE WATER SURGE ANALYSIS REPORT ,IFT,,
245,00,SAFETY,Report,RP-5312-00-SA-011,1,PHA (HAZID/ ENVID/ OHID) REPORT,IFT,,
246,00,SAFETY,Report,RP-5312-00-SA-012,0,PHA (HAZID/ENVID/OHID) CLOSEOUT REPORT,IFT,,
247,00,SAFETY,Report,RP-5312-00-SA-013,0,HAZARD & OPERABILITY STUDY (HAZOP) REPORT,IFT,,
248,00,SAFETY,Report,RP-5312-00-SA-014,0,HAZOP CLOSEOUT REPORT,IFT,,
249,00,SAFETY,Report,RP-5312-00-SA-015,0,SAFETY INTEGRITY LEVEL (SIL) REPORT,IFT,,
250,00,SAFETY,Report,RP-5312-00-SA-016,0,INHERENLTY SAFER DESIGN (ISD) REPORT,IFT,,
251,00,SAFETY,Report,RP-5312-00-SA-017,1,CONSTRUCTABILITY REVIEW REPORT,IFT,,
252,00,SAFETY,Report,RP-5312-00-SA-018,0,FIRE & GAS 3D MAPPING STUDY REPORT,IFT,,
253,00,SAFETY,Report,RP-5312-00-SA-019,1,EMERGENCY SYSTEM SURVIVABILITY ASSESSMENT (ESSA) STUDY REPORT,IFT,,
254,00,SAFETY,Report,RP-5312-00-SA-020,1,QRA STUDY REPORT,IFT,,
255,00,SAFETY,Report,RP-5312-00-SA-021,0,FERA REPORT,IFT,,
256,00,SAFETY,Report,RP-5312-00-SA-022,0,EERA REPORT,IFT,,
257,00,SAFETY,Report,RP-5312-00-SA-023,0,HEALTH SAFETY & ENVIRONMENT IMPACT ASSESSMENT (HSEIA - FEED) ,IFT,,
258,00,SAFETY,Report,RP-5312-00-SA-024,0,BOW TIE ANALYSIS REPORT ,IFT,,
259,00,SAFETY,Report,RP-5312-00-SA-025,0,CONTROL OF MAJOR ACCIDENT HAZARDS (COMAH) REPORT ,IFT,,
260,00,SAFETY,Report,RP-5312-00-SA-026,0,HSECES LIST AND PERFORMANCE STANDARDS,IFT,,
261,00,SAFETY,Report,RP-5312-00-SA-027,0,"RELIABILITY, AVAILABILITY & MAINTAINABILITY (RAM) STUDY REPORT ",IFT,,
262,00,SAFETY,Report,RP-5312-00-SA-028,0,SIMOPS REPORT,IFT,,
263,00,SAFETY,Report,RP-5312-00-SA-029,0,VALUE ENGINEERING STUDY REPORT,IFT,,
264,00,SAFETY,Report,RP-5312-00-SA-030,0,HSE ACTION TRACKING REGISTER,IFT,,
265,00,SAFETY,Data Sheet,RP-5312-00-SA-031,1,FIREFIGHTING AND SAFETY EQUIPMENT DATASHEET,IFT,,
266,00,SAFETY,Cause and Effect Diagram/Charts,RP-5312-00-SA-032,1,FIRE AND GAS CAUSE & EFFECT CHART - SUBSATION-05,IFT,,
267,00,SAFETY,Cause and Effect Diagram/Charts,RP-5312-00-SA-033,0,FIRE AND GAS CAUSE & EFFECT CHART - RSE-III/SGP I & II,IFT,,
268,00,SAFETY,Cause and Effect Diagram/Charts,RP-5312-00-SA-034,0,FIRE AND GAS CAUSE & EFFECT CHART - NEW AREA (GRANULATION / LIQUID SULPHUR STORAGE TANKS & PUMPS),IFT,,
269,00,SAFETY,Report,RP-5312-00-SA-036,0,SAFETY & RISK SITE VISIT REPORT,IFT,,
270,00,SAFETY,Report,RP-5312-00-SA-037,0,PHA (HAZID / ENVID /OHID) WORKSHOP TERMS OF REFERENCE,IFT,,
271,00,SAFETY,Specification,RP-5312-00-SA-039,0,FIRE SUPPRESSION SYSTEM SPECIFICATION,IFT,,
272,00,SAFETY,Cause and Effect Diagram/Charts,RP-5312-00-SA-040,1,FIRE AND GAS CAUSE & EFFECT CHART - OPERATIONS BUILDING,IFT,,
273,00,SAFETY,Report,RP-5312-00-SA-041,0,SAFETY INTEGRITY LEVEL (SIL) WORKSHOP TERMS OF REFERENCE ,IFT,,
274,00,SAFETY,Report,RP-5312-00-SA-042,0,CONSTRUCTABILITY & SIMOPS TOR,IFT,,
275,00,SAFETY,Report,RP-5312-00-SA-043,1,INHERENTLY SAFER DESIGN (ISD) WORKSHOP TERMS OF REFERENCE,IFT,,
276,00,SAFETY,Report,RP-5312-00-SA-044,1,HAZOP WORKSHOP TERMS OF REFERENCE,IFT,,
277,00,SAFETY,Report,RP-5312-00-SA-045,0,VALUE ENGINEERING WORKSHOP TERMS OF REFERENCE,IFT,,
278,00,SAFETY,Report,RP-5312-00-SA-046,0,QRA / FERA / EERA / ESSA ASSUMPTION REGISTER,IFT,,
279,00,SAFETY,Report,RP-5312-00-SA-048,0,HSEIA SCREENING REPORT,IFT,,
280,00,SAFETY,Report,RP-5312-00-SA-049,0,PHSER TERMS OF REFERENCE,IFT,,
281,00,SAFETY,Report,RP-5312-00-SA-050,0,PHSER CLOSEOUT REPORT ,IFT,,
282,00,SAFETY,Report,RP-5312-00-SA-051,0,"PROJECT HEALTH, SAFETY & ENVIRONMENT REVIEW (PHSER)- II REPORT",IFT,,
283,00,SAFETY,Report,RP-5312-00-SA-052,0,ERGONOMICS & HUMAN FACTORS ENGINEERING REPORT,IFT,,
284,00,SAFETY,Report,RP-5312-00-SA-053,0,RAM STUDY BASIS ,IFT,,
285,00,SAFETY,Report,RP-5312-00-SA-054,0,ISD CLOSEOUT REPORT,IFT,,
286,00,SAFETY,Report,RP-5312-00-SA-056,0,EIA SCOPING REPORT,IFT,,
287,00,SAFETY,Report,RP-5312-00-SA-057,0,NOISE & AIR DISPERSION MODELLING METHODOLOGY & TERMS OF REFERENCE,IFT,,
288,00,SAFETY,Report,RP-5312-00-SA-058,0,ENVIRONMENTAL IMPACT ASSESSMENT (EIA) REPORT,IFT,,
289,00,SAFETY,Specification,SP-5312-00-SA-001,1,FIRE FIGHTING AND SAFETY EQUIPMENT SPECIFICATION,IFT,,
,,,,,,TELECOM,,,
290,00,TELECOM,Specification,5312-ADD-1532-001,0,ADDENDUM TO AGP DGS FOR RADIO SYSTEM,IFT,,
291,00,TELECOM,Specification,5312-ADD-1532-002,0,ADDENDUM TO AGP DGS FOR PUBLIC ADDRESS SYSTEM,IFT,,
292,00,TELECOM,Specification,5312-ADD-1532-003,0,ADDENDUM TO AGP DGS FOR CCTV SYSTEM,IFT,,
293,00,TELECOM,Specification,5312-ADD-1532-004,0,ADDENDUM TO AGP DGS FOR TELEPHONE SYSTEM,IFT,,
294,00,TELECOM,Specification,5312-ADD-1532-005,0,ADDENDUM TO AGP DGS FOR STRUCTURED CABLING SYSTEM,IFT,,
295,00,TELECOM,Specification,5312-ADD-1532-006,0,ADDENDUM TO AGP DGS FOR ACCESS CONTROL SYSTEM,IFT,,
296,00,TELECOM,Specification,5312-ADD-1532-011,0,ADDENDUM TO AGP DGS FOR FIBER OPTICAL SYSTEM,IFT,,
297,00,TELECOM,Calculation,CA-5312-00-TE-001,0,POWER CONSUMPTION & HEAT DISSIPATION CALCULATION,IFT,,
298,00,TELECOM,Design Basis,DB-5312-00-TE-001,0,TELECOMMUNICATION DESIGN BASIS,IFT,,
299,00,TELECOM,Data Sheet,DS-5312-00-TE-001,0,DATASHEET FOR CCTV SYSTEM,IFT,,
300,00,TELECOM,Data Sheet,DS-5312-00-TE-002,0,DATASHEET FOR PAGA SYSTEM,IFT,,
301,00,TELECOM,Data Sheet,DS-5312-00-TE-003,0,DATASHEET FOR RADIO COMMUNICATION SYSTEM,IFT,,
302,00,TELECOM,Data Sheet,DS-5312-00-TE-004,0,DATASHEET FOR ACCESS CONTROL SYSTEM,IFT,,
303,00,TELECOM,Data Sheet,DS-5312-00-TE-005,0,DATASHEET FOR STRUCTURED CABLING SYSTEM,IFT,,
304,00,TELECOM,Data Sheet,DS-5312-00-TE-006,0,DATASHEET FOR TELEPHONE SYSTEM,IFT,,
305,00,TELECOM,Data Sheet,DS-5312-00-TE-007,0,DATASHEET FOR DATA NETWORK,IFT,,
306,00,TELECOM,Data Sheet,DS-5312-00-TE-008,0,DATASHEET FOR FIBER OPTICAL SYSTEM,IFT,,
307,00,TELECOM,Report,RP-5312-00-TE-001,1,TELECOMMUNICATIONS SITE VISIT REPORT,IFT,,
308,00,TELECOM,Scope of Works,RP-5312-00-TE-002,0,TELECOMMUNICATIONS SYSTEM MODIFICATION - SCOPE OF WORK,IFT,,
309,00,TELECOM,Scope of Works,RP-5312-00-TE-003,0,SCOPE OF WORK FOR TELECOM SYSTEM INTEGRATOR,IFT,,
310,00,TELECOM,Scope of Works,RP-5312-00-TE-004,0,SCOPE OF WORK FOR FO CABLE INSTALLATION,IFT,,
311,00,TELECOM,Scope of Works,RP-5312-00-TE-005,0,SCOPE OF WORK FOR TELECOM COVERAGE STUDIES,IFT,,
312,00,TELECOM,Report,RP-5312-00-TE-006,0,ADEQUACY REPORT FOR TELECOMMUNICATION SYSTEM,IFT,,
313,00,TELECOM,Report,RP-5312-00-TE-007,0,RADIO COVERAGE STUDY REPORT,IFT,,
314,00,TELECOM,Report,RP-5312-00-TE-008,0,CCTV COVERAGE STUDY REPORT (2D & 3D),IFT,,
315,00,TELECOM,Report,RP-5312-00-TE-009,0,PAGA COVERAGE STUDY REPORT,IFT,,
316,00,TELECOM,Lists & Schedules,RP-5312-00-TE-010,0,TELECOM TIE-IN LIST,IFT,,
317,00,TELECOM,Cable Schedule,RP-5312-00-TE-011,0,TELECOM CABLE SCHEDULE,IFT,,
318,00,TELECOM,Material Take off,RP-5312-00-TE-012,0,TELECOM SYSTEM MTO ,IFI,,
,,,,,,UNIT-10,,,
,,,,,,CIVIL/STRUCTURAL,,,
319,10,CIVIL,Report,CA-5312-10-CI-001,1,ADEQUACY CHECK OF STACKER / RECLAIMER FOUNDATION,IFT,,
320,10,CIVIL,Calculation,CA-5312-10-CI-002,0,SHIP LOADER PIVOT FOUNDATION CALCULATION,IFT,,
321,10,CIVIL,Calculation,CA-5312-10-CI-003,0,TRANSFER TOWER TT-12 STRUCTURAL CALCULATION,IFT,,
322,10,CIVIL,Calculation,CA-5312-10-CI-004,0,STANDARD 2-LEGGED TRESTLE STRUCTURAL CALCULATION,IFT,,
323,10,CIVIL,Calculation,CA-5312-10-CI-005,0,STANDARD 4-LEGGED TRESTLE STRUCTURAL CALCULATION,IFT,,
324,10,CIVIL,Calculation,CA-5312-10-CI-006,1,TRANSFER TOWER TT-11 STRUCTURAL CALCULATION,IFT,,
325,10,CIVIL,Calculation,CA-5312-10-CI-007,0,NON-STANDARD 2 & 4-LEGGED TRESTLE STRUCTURAL CALCULATION,IFT,,
326,10,CIVIL,Calculation,CA-5312-10-CI-008,0,TRANSFER TOWER TT-4A STRUCTURAL CALCULATION,IFT,,
327,10,CIVIL,Calculation,CA-5312-10-CI-009,1,STANDARD 18M SPAN CONVEYOR GALLERY STRUCTURAL CALCULATION,IFT,,
328,10,CIVIL,Calculation,CA-5312-10-CI-010,1,38M & 34M SPAN CONVEYOR GALLERY STRUCTURAL CALCULATION,IFT,,
329,10,CIVIL,Calculation,CA-5312-10-CI-011,0,STANDARD 24M SPAN CONVEYOR GALLERY STRUCTURAL CALCULATION,IFT,,
330,10,CIVIL,Calculation,CA-5312-10-CI-012,0,TRANSFER TOWER TT-2 STRUCTURAL CALCULATION,IFT,,
331,10,CIVIL,Calculation,CA-5312-10-CI-013,0,TRANSFER TOWER TT-3 STRUCTURAL CALCULATION,IFT,,
,,,,,,MECHANICAL,,,
332,10,MECHANICAL,Calculation,CA-5312-10-ME-001,0,CONVEYOR CALCULATION,IFT,,
333,10,MECHANICAL,Design Basis,DB-5312-10-ME-001,0,DESIGN BASIS FOR NEW DUST COLLECTION UNIT,IFT,,
334,10,MECHANICAL,Design Basis,DB-5312-10-ME-002,0,DESIGN BASIS FOR NEW DUST SUPPRESSION UNIT,IFT,,
335,10,MECHANICAL,Data Sheet,DS-5312-10-CV-1001,0,DATASHEET OF BELT CONVEYORS,IFT,,
336,10,MECHANICAL,Data Sheet,DS-5312-10-DC-1001,0,DATA SHEET FOR DUST SUPPRESSION SYSTEM (DS-5312-10-DC-1001),IFT,,
337,10,MECHANICAL,Data Sheet,DS-5312-10-DC-1002,0,DATA SHEET FOR DUST COLLECTION SYSTEM (DS-5312-10-DC-1002),IFT,,
338,10,MECHANICAL,Data Sheet,DS-5312-10-FD-0001,0,DATA SHEETS FOR NEW FEEDER (NEW DOME) (10-FD-0001),IFT,,
339,10,MECHANICAL,Data Sheet,DS-5312-10-FD-0002,0,DATA SHEETS FOR NEW FEEDER (OLD DOME) (10-FD-0002),IFT,,
340,10,MECHANICAL,Data Sheet,DS-5312-10-MS-001,0,DATA SHEET FOR MAGENTIC SEPARATOR (DS-5312-10-MS-0001),IFT,,
341,10,MECHANICAL,Data Sheet,DS-5312-10-SR-0001,0,DATA SHEET FOR STACKER-RECLAIMER (DS-5312-10-SR-0001),IFT,,
342,10,MECHANICAL,Material Requisition,MR-5312-10-ME-001,0,"MATERIAL REQUISITION FOR BULK MATERIAL HANDLING PACKAGE (BELT CONVEYORS & ASSOCIATED ITEMS, STACKER & RECLAIMER AND SHIP LOADER) ",IFT,,
343,10,MECHANICAL,Material Requisition,MR-5312-10-ME-002,0,MATERIAL REQUISITION FOR NEW DUST COLLECTION UNIT,IFT,,
344,10,MECHANICAL,Material Requisition,MR-5312-10-ME-003,0,MATERIAL REQUISITION FOR NEW DUST SUPPRESSION UNIT,IFT,,
345,10,MECHANICAL,Report,RP-5312-10-ME-002,0,"CONDITION ASSESSMENT REPORT FOR EXISTING STACKER AND RECLAIMER (OLD DOME AND NEW DOME), BELT CONVEYOR AND SHIP LOADER UPGRADE",IFT,,
346,10,MECHANICAL,Report,RP-5312-10-ME-003,0,TASK RISK ASSESSMENT FOR BULK SOLID HANDLING EQUIPMENT CONDITION ASSESSMENT INSPECTIONS AND RECOMMENDATIONS ,IFT,,
347,10,MECHANICAL,Report,RP-5312-10-ME-004,0,TECHNICAL METHOD STATEMENT FOR BULK SOLID HANDLING EQUIPMENT CONDITION ASSESSMENT INSPECTIONS AND RECOMMENDATIONS,IFT,,
348,10,MECHANICAL,Report,RP-5312-10-ME-006,0,CHUTES DISCRETE ELEMENT MODELLING REPORT,IFT,,
349,10,MECHANICAL,Specification,SP-5312-10-ME-001,0,PROJECT SPECIFICATION OF BELT CONVEYORS AND TRANSFER CHUTES,IFT,,
350,10,MECHANICAL,Specification,SP-5312-10-ME-002,0,PROJECT SPECIFICATION FOR NEW STACKER / RECLAIMER UNITS,IFT,,
351,10,MECHANICAL,Technical Bid Evaluation,TE-5312-10-ME-001,0,"TBE FOR BULK MATERIAL HANDLING PACKAGE (NEW BELT CONVEYOR SYSTEM, STACKER/RECLAIMER AND SHIPLOADER)",IFT,,
,,,,,,UNIT-20,,,
,,,,,,COASTAL SCIENCE,,,
352,20,COASTAL,Report,PR-5312-20-ST-004,0,COASTAL METOCEAN STUDY REPORT,IFT,,
353,20,COASTAL,Report,PR-5312-20-ST-005,0,HYDRODYNAMIC AND WAVE MODELLING STUDY,IFT,,
354,20,COASTAL,Report,PR-5312-20-ST-006,0,REAL TIME NAVIGATION STUDY,IFT,,
355,20,COASTAL,Report,PR-5312-20-ST-009,1,DYNAMIC MOORING ANALYSIS,IFT,,
,,,,,,MARINE,,,
356,20,MARINE,Design Basis,DB-5312-20-ST-001,0,BASIS OF DESIGN - MARINE,IFT,,
357,20,MARINE,Material Take off,MR-5312-20-ST-001,0,MATERIAL TAKE OFF (MTO) - MARINE,IFT,,
358,20,MARINE,Report,PR-5312-20-ST-001,1,BERTH OCCUPANCY STUDY,IFT,,
359,20,MARINE,Report,PR-5312-20-ST-002,1,DREDGING ASSESSMENT REPORT,IFT,,
360,20,MARINE,Report,PR-5312-20-ST-007,1,ASSESSMENT REPORT OF RETAINED INFRASTRUCTURE,IFT,,
361,20,MARINE,Report,PR-5312-20-ST-008,0,FAST-TIME NAVIGATION STUDY,IFT,,
362,20,MARINE,Report,RP-5312-20-ST-002,0,SUMMARY OF MARINE DESIGN REPORT TERMINAL-1,IFT,,
363,20,MARINE,Report,RP-5312-20-ST-003,0,MARINE CONSTRUCTABILITY REVIEW REPORT,IFT,,
364,20,MARINE,Specification,SP-5312-20-ST-002,0,SPECIFICATIONS - PILES AND PILING,IFT,,
365,20,MARINE,Specification,SP-5312-20-ST-004,0,SPECIFICATIONS - QUICK RELEASE HOOKS,IFT,,
366,20,MARINE,Specification,SP-5312-20-ST-007,0,SPECIFICATION - DREDGING,IFT,,
,,,,,,MECHANICAL,,,
367,20,MECHANICAL,Data Sheet,DS-5312-20-SL-0001,0,DATA SHEET FOR NEW SHIPLOADER (DS-5312-20-SL-0001),IFT,,
368,20,MECHANICAL,Specification,SP-5312-20-ME-001,0,PROJECT SPECIFICATION FOR SHIPLOADERS - BERTH 1,IFT,,
369,20,MECHANICAL,Specification,SP-5312-20-ME-002,0,PROJECT SPECIFICATION FOR BERTH-2 SHIPLOADER RE-COMMISSIONING,IFT,,
,,,,,,UNIT-30,,,
,,,,,,CIVIL/STRUCTURAL,,,
370,30,CIVIL,Calculation,CA-5312-30-CI-011,0,DESIGN CALCULATION OF SULPHUR REMELTER SKID FOUNDATION,IFT,,
371,30,CIVIL,Calculation,CA-5312-30-CI-012,0,ZERO DISCHARGE SETTLEMENT POND CALCULATION,IFT,,
372,30,CIVIL,Calculation,CA-5312-30-CI-013,0,GRANULATOR FOUNDATION STRUCTURAL CALCULATION,IFT,,
373,30,CIVIL,Calculation,CA-5312-30-CI-016,1,DESIGN CALCULATION OF GRANULATOR DAY VESSEL FOUNDATION ,IFT,,
374,30,CIVIL,Calculation,CA-5312-30-CI-018,1,DESIGN CALCULATION FOR TANK FARM TO GRANULATING UNITS PIPEBRIDGE 30-PR-01B,IFT,,
375,30,CIVIL,Calculation,CA-5312-30-CI-019,1,DESIGN CALCULATION OF GRANULATOR COVERING SHELTER,IFT,,
,,,,,,MECHANICAL,,,
376,30,MECHANICAL,Data Sheet,DS-5312-30-F-0001,0,MECHANICAL DATASHEET FOR LIQUID SULPHUR FILTER (30-F-0001A/S / 0002A/S / 0003A/S / 0004A/S / 0005A/S),IFT,,
377,30,MECHANICAL,Data Sheet,DS-5312-30-GD-1001,0,DATA SHEET FOR GRANULATOR UNIT (DS-5312-20-GR-0001),IFT,,
378,30,MECHANICAL,Data Sheet,DS-5312-30-ME-0014,1,DATA SHEET FOR SULPHUR REMELTER PACKAGE (DS-5312-30-ME-0014),IFT,,
379,30,MECHANICAL,Data Sheet,DS-5312-30-P-1001,0,"MECHANICAL DATASHEET FOR GRANULATOR FEED PUMP 30-P-0001 A/B/C/S, 30-P-0002 A/B/C/S, 30-P-0003 A/B/C/S, 30-P-0004 A/B/S & 30-P-0005 A/B/S",IFT,,
380,30,MECHANICAL,Data Sheet,DS-5312-30-V-0001,0,MECHANICAL DATASHEET FOR LIQUID SULPHUR DAY VESSEL (30-V-0001/0002/0003/0004/0005),IFT,,
381,30,MECHANICAL,Material Requisition,MR-5312-30-ME-001,0,MATERIAL REQUISITION FOR NEW GRANULATOR UNITS,IFT,,
382,30,MECHANICAL,Material Requisition,MR-5312-30-ME-002,0,MR FOR GRANULATOR FEED PUMPS,IFT,,
383,30,MECHANICAL,Material Requisition,MR-5312-30-ME-003,0,MATERIAL REQUISITION FOR NEW SULPHUR REMELTER PACKAGE,IFT,,
384,30,MECHANICAL,Material Requisition,MR-5312-30-ME-004,0,MATERIAL REQUISITION FOR LIQUID SULPHUR DAY VESSEL,IFT,,
385,30,MECHANICAL,Material Requisition,MR-5312-30-ME-005,0,MATERIAL REQUISITION FOR LIQUID SULPHUR FILTER ,IFT,,
386,30,MECHANICAL,Scope of Works,RP-5312-30-ME-001,0,SCOPE OF WORK FOR RELOCATION AND REVAMPING OF EXISTING GRANULATOR UNITS,IFT,,
387,30,MECHANICAL,Report,RP-5312-30-ME-003,0,SOLID SULPHUR FORMING TECHNOLOGY REVIEW REPORT,IFT,,
388,30,MECHANICAL,Report,RP-5312-30-ME-004,0,SULPHUR GRANULATION PLANT CONDITION INSPECTION REPORT (GX #1 TO 5 AND GX #6 TO 9),IFT,,
389,30,MECHANICAL,Report,RP-5312-30-ME-005,0,SAFETY RISK ASSESSMENT GRANULATOR CONDITION INSPECTIONS AND RECOMMENDATIONS,IFT,,
390,30,MECHANICAL,Method Statement,RP-5312-30-ME-006,0,TECHNICAL METHOD STATEMENT FOR GRANULATOR CONDITION INSPECTIONS AND RECOMMENDATIONS,IFT,,
391,30,MECHANICAL,Specification,SP-5312-30-ME-001,0,PROJECT SPECIFICATION FOR GRANULATOR UNITS,IFT,,
392,30,MECHANICAL,Specification,SP-5312-30-ME-003,0,SPECIFICATION FOR NEW SULPHUR REMELTER PACKAGE,IFT,,
393,30,MECHANICAL,Technical Bid Evaluation,TE-5312-30-ME-001,1,TECHNICAL BID EVALUATION FOR NEW GRANULATOR (GXM1) UNITS,IFT,,
394,30,MECHANICAL,Technical Bid Evaluation,TE-5312-30-ME-002,0,TECHNICAL BID EVALUATION FOR NEW SULPHUR REMELTER PACKAGE (30-ME-0014),IFT,,
,,,,,,PIPING,,,
395,30,PIPING,Report,RP-5312-30-PI-001,0,PIPE STRESS ANALYSIS REPORT: PE-CAL-003 JACKETED LIQUID SULPHUR PUMP SUCTION PIPING SYSTEM,IFT,,
396,30,PIPING,Report,RP-5312-30-PI-002,0,PIPE STRESS ANALYSIS REPORT: PE-CAL-006 LIQUID SULPHUR JACKET LINES FROM FEED PUMPS TO GRANULATORS,IFT,,
397,30,PIPING,Report,RP-5312-30-PI-003,0,PIPE STRESS ANALYSIS REPORT: PE-CAL-005 LIQUID SULPHUR LINE FROM FILTERS TO DAY VESSEL PIPING SYSTEM,IFT,,
398,30,PIPING,Report,RP-5312-30-PI-004,0,PIPE STRESS ANALYSIS REPORT: PE-CAL-007 LIQUID SULPHUR JACKETED LINES FROM FEED PUMPS TO GRANULATORS,IFT,,
399,30,PIPING,Report,RP-5312-30-PI-005,0,PIPE STRESS ANALYSIS REPORT: PE-CAL-004 12”X10” - JACKETED LIQUID SULPHUR PUMP DISCHARGE LINES PIPING SYSTEM,IFT,,
400,30,PIPING,Report,RP-5312-30-PI-006,0,PIPE STRESS ANALYSIS REPORT: PE-CAL-010 3”X 2” MOLTEN SULPHUR JACKET LINE FROM LIQUID SULPHUR FILTER 30-F-001 TO SULPHUR DRAIN PIT,IFT,,
401,30,PIPING,Report,RP-5312-30-PI-007,0,PIPE STRESS ANALYSIS REPORT: PE-CAL-016 JACKETED LIQUID SULPHUR FILTER INLET LINES PIPING SYSTEM,IFT,,
402,30,PIPING,Report,RP-5312-30-PI-008,0,"PIPE STRESS ANALYSIS REPORT: PE-CAL-009 DAY VESSEL JACKETED VENT, AIR INLET/OUTLET AND OVERFLOW LINES PIPING SYSTEM",IFT,,
,,,,,,UNIT-40,,,
,,,,,,CIVIL/STRUCTURAL,,,
403,40,CIVIL,Calculation,CA-5312-40-CI-001,1,DESIGN CALCULATION OF PIPEBRIDGE STRUCTURE IN RECEIVER AREA  ,IFT,,
404,40,CIVIL,Calculation,CA-5312-40-CI-002,1,DESIGN CALCULATION OF PIPERACK STRUCTURE IN RECEIVER AREA 40-PR-07,IFT,,
405,40,CIVIL,Calculation,CA-5312-40-CI-003,1,DESIGN CALCULATION FOR TANK FARM AREA PIPERACK 40-PR-01,IFT,,
406,40,CIVIL,Calculation,CA-5312-40-CI-004,1,DESIGN CALCULATION FOR INTERCONNECTING PIPERACK 40-PR-14,IFT,,
407,40,CIVIL,Calculation,CA-5312-40-CI-005,1,CALCULATION FOR SULPHUR TANK FOUNDATION,IFT,,
408,40,CIVIL,Report,CA-5312-40-CI-006,0,FEASIBILITY STUDY OF CONVEYOR STRUCTURE CV-1005 FOR SUPPORTING NEW SULPHUR LINES,IFT,,
409,40,CIVIL,Calculation,CA-5312-40-CI-007,0,DESIGN CALCULATION FOR ADEQUACY OF PIPERACK NEAR LIQUID SULPHUR TANK 54140-TK-4002 AND PIPERACK STRUCTURE 40-STR-01,IFT,,
410,40,CIVIL,Calculation,CA-5312-40-CI-017,0,DESIGN CALCULATION FOR INTERCONNECTING PIPEBRIDGE 40-PR-16  ,IFT,,
,,,,,,MECHANICAL,,,
411,40,MECHANICAL,Data Sheet,DS-5312-40-P-0001,0,MECHANICAL DATASHEET FOR LIQUID SULPHUR TRANSFER PUMP (40-P-0001A/B/C/S),IFT,,
412,40,MECHANICAL,Data Sheet,DS-5312-40-P-0010,0,MECHANICAL DATASHEET FOR PROCESS WATER PUMPS (40-P-0010 A/S),IFT,,
413,40,MECHANICAL,Data Sheet,DS-5312-40-P-1001,0,MECHANICAL DATASHEET FOR CONDENSATE RECOVERY PUMPS (40-P-0011 A/S),IFT,,
414,40,MECHANICAL,Data Sheet,DS-5312-40-TK-0001,1,MECHANICAL DATASHEET FOR LIQUID SULPHUR STORAGE TANK (40-TK-0001/0002/0003),IFT,,
415,40,MECHANICAL,Material Requisition,MR-5312-40-ME-003,0,MR FOR LIQUID SULPHUR TRANSFER PUMPS (40-P-0001 A/B/C/S),IFT,,
416,40,MECHANICAL,Scope of Works,RP-5312-40-ME-003,0,SCOPE OF WORK FOR SULPHUR STORAGE TANKS,IFT,,
417,40,MECHANICAL,Method Statement,RP-5312-40-ME-004,0,METHOD STATEMENT FOR TANK DEMOLITION,IFT,,
418,40,MECHANICAL,Specification,SP-5312-40-ME-001,0,ADDENDUM TO AGES-SP-05-001 CENTRIFUGAL PUMPS (API 610) SPECIFICATION ,IFT,,
419,40,MECHANICAL,Specification,SP-5312-40-ME-003,0,SPECIFICATION FOR LIQUID SULPHUR FEED AND TRANSFER PUMPS,IFT,,
420,40,MECHANICAL,Technical Bid Evaluation,TE-5312-40-ME-001,0,TECHNICAL BID EVALUATION FOR LIQUID SULPHUR TRANSFER PUMPS (40-P-0001 A/B/C/S) ,IFT,,
,,,,,,PIPING,,,
421,40,PIPING,Report,RP-5312-40-PI-001,0,PIPE STRESS ANALYSIS REPORT: PE-CAL-011 8”-MS LINE FROM BATTERY LIMIT TO REMELTER PIPING SYSTEM,IFT,,
422,40,PIPING,Report,RP-5312-40-PI-002,0,PIPE STRESS ANALYSIS REPORT: PE-CAL-008 SULPHUR TANKS OVERFLOW AND OVERHEAD VENT LINES PIPING SYSTEM,IFT,,
423,40,PIPING,Report,RP-5312-40-PI-003,0,PIPE STRESS ANALYSIS REPORT: PE-CAL-013 16”X12”-JACKETED LIQUID SULPHUR LINE FROM PIG RECEIVER TO NEW TANKS LINES PIPING SYSTEM,IFT,,
424,40,PIPING,Report,RP-5312-40-PI-004,0,PIPE STRESS ANALYSIS REPORT: PE-CAL-002 8”x6”-JACKETED LIQUID SULPHUR TANK 40-TK-0001/0002/0003 INLET LINES PIPING SYSTEM,IFT,,
425,40,PIPING,Report,RP-5312-40-PI-005,0,PIPE STRESS ANALYSIS REPORT: PE-CAL-001 JACKETED LIQUID SULPHUR LINE FROM PIG RECEIVER STORAGE TANKS PIPING SYSTEM,IFT,,
426,40,PIPING,Report,RP-5312-40-PI-006,0,PIPE STRESS ANALYSIS REPORT: PE-CAL-017 LP CONDENSATE FROM HEADER TO CONDENSATE RECOVERY VESSEL 54140-V-4007,IFT,,
427,40,PIPING,Report,RP-5312-40-PI-007,0,PIPE STRESS ANALYSIS REPORT: PE-CAL-015 LP STEAM FROM HEADER TO LIQUID SULPHUR STORAGE TANK LINES PIPING SYSTEM,IFT,,
428,40,PIPING,Report,RP-5312-40-PI-008,0,PIPE STRESS ANALYSIS REPORT: PE-CAL-014 GRE PIPING CONNECTED TO PUMP 40-P-0010A/S,IFT,,
429,40,PIPING,Report,RP-5312-40-PI-009,0,PIPE STRESS ANALYSIS REPORT: PE-CAL-018 16”x12” - JACKETED LINE FROM TIE-IN POINT 220 TO 262,IFT,,
430,40,PIPING,Report,RP-5312-40-PI-010,0,PIPE STRESS ANALYSIS REPORT: PE-CAL-012 CONDENSATE PUMP SUCTION & DISCHARGE PIPING SYSTEM  ,IFT,,
