,,,,,,,,,,,,,ATTACHMENT - 11,,,
,,,,,,,,,,,,,(SHEET 1/5),,,
,Weekly Construction Quantity Based Progress Report,,,,,,,,,,,,,,,
,,,,,,,,,,,,,,,,
,Discipline / Area: ,,,,,,,,,,,,Week ending: ,,,
,"S. 
No.",Activity Description,,Act. ID,Unit,Estimated Qty.,,Cumulative,,Progress,,Cumulative,,,Plan Next Week,
,,,,,,,,Progress,,,,Progress,,,,
,,,,,,,,(Till last week),,(This Week),,(This Week),,,,
,,,,,,Qty.,Wt. %,Qty.,Wt. %,Qty.,Wt. %,Qty.,"%
Progress",Wt. %,Qty.,Wt. %
,,,,,,,,,,,,,,,,
,,,,,,,,,,,,,,,,
,,,,,,,,,,,,,,,,
,,,,,,,,,,,,,,,,
,,,,,,,,,,,,,,,,
,,,,,,,,,,,,,,,,
,,,,,,,,,,,,,,,,
,,,,,,,,,,,,,,,,
,,,,,,,,,,,,,,,,
,,,,,,,,,,,,,,,,
,,,,,,,,,,,,,,,,
,,,,,,,,,,,,,,,,
,,,,,,,,,,,,,,,,
,,,,,,,,,,,,,,,,
,,,,,,,,,,,,,,,,
,,,,,,,,,,,,,,,,
,,,,,,,,,,,,,,,,
,,,,,,,,,,,,,,,,
,,,,,,,,,,,,,,,,
,,,,,,,,,,,,,,,,
,,,,,,,100.0,,,,,,,,,
,,,,,,,,,,,,,,,,
,Note: 1.  All activities shall be arranged disciplinewise separetely for each System / Area of work as per agred WBS.,,,,,,,,,,,,,,,
